Workbook

Sheet tongchitieu
A1: KẾT QUẢ THỰC HIỆN CÁC CHỈ TIÊU 124 XÃ (TÍNH TỪ NGÀY ĐẾN NGÀY)
E2: Nhóm chỉ tiêu trọng điểm hệ số x2 | R2: Chỉ tiêu thường xuyên hệ số 1 | X2: An ninh an toàn
A3: Chỉ tiêu | E3: Chỉ tiêu 1 | F3: Chỉ tiêu 2 | G3: Chỉ tiêu 3 | H3: Chỉ tiêu 4 | I3: Chỉ tiêu 5 | J3: Chỉ tiêu 6 | K3: Chỉ tiêu 7 | L3: Chỉ tiêu 8 | M3: Chỉ tiêu 9 | N3: Chỉ tiêu 10 | O3: Chỉ tiêu 11 | P3: Chỉ tiêu 12 | Q3: Chỉ tiêu 13 | R3: Chỉ tiêu 14 | S3: Chỉ tiêu 15 | T3: Chỉ tiêu 16 | U3: Chỉ tiêu 17 | V3: Chỉ tiêu 18 | W3: Chỉ tiêu 19 | X3: Chỉ tiêu 20
A4: Mã Sheet | E4: cancuoc | F4: dinhdanh14 | G4: dinhdanh6 | H4: dinhdanhcq | I4: suckhoedientu | J4: baohiemxahoi | K4: ansinhxahoi | L4: datdai | M4: dvccc | N4: dvcct | O4: ct10 | P4: hosocancuoc | Q4: hosocutru | R4: bdhvs | S4: lamsachdc01 | T4: huyso | U4: treem | V4: giaypheplaixe | W4: dangkyxe
A5: Xếp hạng | B5: Chấm điểm theo xếp hạng | C5: Đơn vị | D5: Cộng tổng các chỉ tiêu (điểm càng thấp vị trí hạng càng cao) | E5: Cấp căn cước cho công dân từ đủ 14 tuổi trở lên | F5: Định danh điện tử cho người từ đủ 14 tuổi trở lên | G5: Định danh điện tử cho người từ 6 đến dưới 14 tuổi | H5: Định danh cơ quan, tổ chức | I5: Tích hợp thẻ BHYT và sổ sức khoẻ điện tử | J5: Tích hợp thẻ BHXH | K5: Tích hợp tài khoản an sinh xã hội | L5: Chỉ tiêu dữ liệu đất đai | M5: Chỉ tiêu dịch vụ công căn cước | N5: Chỉ tiêu dịch vụ công cư trú | O5: Chỉ tiêu trả lời CT10 | P5: Chỉ tiêu hồ sơ quá hạn căn cước | Q5: Chỉ tiêu hồ sơ quá hạn cư trú | R5: Chỉ tiêu Bình dân học vụ số | S5: Chỉ tiêu làm sạch DC01 mở rộng | T5: Chỉ tiêu huỷ số | U5: Chỉ tiêu dữ liệu trẻ em | V5: Chỉ tiêu tích hợp Giấy phép lái xe VNeID | W5: Chỉ tiêu tích hợp đăng ký xe VNeID | X5: Không đảm bảo về ANAT cộng thêm 4 điểm vào tổng điểm
A6: =_xlfn.RANK.EQ(D6,$D$6:$D$129,1) -> 6 | B6: {=_xlfn.IFS(A6<=10, 12, A6<=30, 9, A6<=50, 8, A6<=70, 7, A6<=90, 6, A6<=110, 5, A6<=124, 2, TRUE, "Ngoài phạm vi")} -> 12 | C6: Phường An Tường | D6: =SUM(E6:X6) -> 36 | E6: =_xlfn.XLOOKUP(C6,cancuoc!B:B, cancuoc!A:A, "")*2 -> 6 | F6: =_xlfn.XLOOKUP(C6,dinhdanh14!B:B, dinhdanh14!A:A, "")*2 -> 2 | G6: =_xlfn.XLOOKUP(C6,dinhdanh6!B:B, dinhdanh6!A:A, "")*2 -> 2 | H6: =_xlfn.XLOOKUP(C6,dinhdanhcq!B:B, dinhdanhcq!A:A, "")*2 -> 2 | I6: =_xlfn.XLOOKUP(C6,suckhoedientu!B:B, suckhoedientu!A:A, "")*2 -> 2 | J6: =_xlfn.XLOOKUP(C6,baohiemxahoi!B:B, baohiemxahoi!A:A, "")*2 -> 2 | K6: =_xlfn.XLOOKUP(C6,ansinhxahoi!B:B, ansinhxahoi!A:A, "")*2 -> 2 | L6: =_xlfn.XLOOKUP(C6,datdai!B:B, datdai!A:A, "")*2 -> 2 | M6: =_xlfn.XLOOKUP(C6,dvccc!B:B, dvccc!A:A, "")*2 -> 2 | N6: =_xlfn.XLOOKUP(C6,dvcct!B:B, dvcct!A:A, "")*2 -> 2 | O6: =_xlfn.XLOOKUP(C6,'ct10'!B:B, 'ct10'!A:A, "")*2 -> 2 | P6: =_xlfn.XLOOKUP(C6,hosocancuoc!B:B, hosocancuoc!A:A, "")*2 -> 2 | Q6: =_xlfn.XLOOKUP(C6,hosocutru!B:B, hosocutru!A:A, "")*2 -> 2 | R6: =_xlfn.XLOOKUP(C6,bdhvs!B:B, bdhvs!A:A, "") -> 1 | S6: =_xlfn.XLOOKUP(C6,lamsachdc01!B:B, lamsachdc01!A:A, "") -> 1 | T6: =_xlfn.XLOOKUP(C6,huyso!B:B, huyso!A:A, "") -> 1 | U6: =_xlfn.XLOOKUP(C6,treem!B:B, treem!A:A, "") -> 1 | V6: =_xlfn.XLOOKUP(C6,giaypheplaixe!B:B, giaypheplaixe!A:A, "") -> 1 | W6: =_xlfn.XLOOKUP(C6,dangkyxe!B:B, dangkyxe!A:A, "") -> 1
A7: =_xlfn.RANK.EQ(D7,$D$6:$D$129,1) -> 2 | B7: {=_xlfn.IFS(A7<=10, 12, A7<=30, 9, A7<=50, 8, A7<=70, 7, A7<=90, 6, A7<=110, 5, A7<=124, 2, TRUE, "Ngoài phạm vi")} -> 12 | C7: Phường Bình Thuận | D7: =SUM(E7:X7) -> 34 | E7: =_xlfn.XLOOKUP(C7,cancuoc!B:B, cancuoc!A:A, "")*2 -> 4 | F7: =_xlfn.XLOOKUP(C7,dinhdanh14!B:B, dinhdanh14!A:A, "")*2 -> 2 | G7: =_xlfn.XLOOKUP(C7,dinhdanh6!B:B, dinhdanh6!A:A, "")*2 -> 2 | H7: =_xlfn.XLOOKUP(C7,dinhdanhcq!B:B, dinhdanhcq!A:A, "")*2 -> 2 | I7: =_xlfn.XLOOKUP(C7,suckhoedientu!B:B, suckhoedientu!A:A, "")*2 -> 2 | J7: =_xlfn.XLOOKUP(C7,baohiemxahoi!B:B, baohiemxahoi!A:A, "")*2 -> 2 | K7: =_xlfn.XLOOKUP(C7,ansinhxahoi!B:B, ansinhxahoi!A:A, "")*2 -> 2 | L7: =_xlfn.XLOOKUP(C7,datdai!B:B, datdai!A:A, "")*2 -> 2 | M7: =_xlfn.XLOOKUP(C7,dvccc!B:B, dvccc!A:A, "")*2 -> 2 | N7: =_xlfn.XLOOKUP(C7,dvcct!B:B, dvcct!A:A, "")*2 -> 2 | O7: =_xlfn.XLOOKUP(C7,'ct10'!B:B, 'ct10'!A:A, "")*2 -> 2 | P7: =_xlfn.XLOOKUP(C7,hosocancuoc!B:B, hosocancuoc!A:A, "")*2 -> 2 | Q7: =_xlfn.XLOOKUP(C7,hosocutru!B:B, hosocutru!A:A, "")*2 -> 2 | R7: =_xlfn.XLOOKUP(C7,bdhvs!B:B, bdhvs!A:A, "") -> 1 | S7: =_xlfn.XLOOKUP(C7,lamsachdc01!B:B, lamsachdc01!A:A, "") -> 1 | T7: =_xlfn.XLOOKUP(C7,huyso!B:B, huyso!A:A, "") -> 1 | U7: =_xlfn.XLOOKUP(C7,treem!B:B, treem!A:A, "") -> 1 | V7: =_xlfn.XLOOKUP(C7,giaypheplaixe!B:B, giaypheplaixe!A:A, "") -> 1 | W7: =_xlfn.XLOOKUP(C7,dangkyxe!B:B, dangkyxe!A:A, "") -> 1
A8: =_xlfn.RANK.EQ(D8,$D$6:$D$129,1) -> 1 | B8: {=_xlfn.IFS(A8<=10, 12, A8<=30, 9, A8<=50, 8, A8<=70, 7, A8<=90, 6, A8<=110, 5, A8<=124, 2, TRUE, "Ngoài phạm vi")} -> 12 | C8: Phường Hà Giang 1 | D8: =SUM(E8:X8) -> 32 | E8: =_xlfn.XLOOKUP(C8,cancuoc!B:B, cancuoc!A:A, "")*2 -> 2 | F8: =_xlfn.XLOOKUP(C8,dinhdanh14!B:B, dinhdanh14!A:A, "")*2 -> 2 | G8: =_xlfn.XLOOKUP(C8,dinhdanh6!B:B, dinhdanh6!A:A, "")*2 -> 2 | H8: =_xlfn.XLOOKUP(C8,dinhdanhcq!B:B, dinhdanhcq!A:A, "")*2 -> 2 | I8: =_xlfn.XLOOKUP(C8,suckhoedientu!B:B, suckhoedientu!A:A, "")*2 -> 2 | J8: =_xlfn.XLOOKUP(C8,baohiemxahoi!B:B, baohiemxahoi!A:A, "")*2 -> 2 | K8: =_xlfn.XLOOKUP(C8,ansinhxahoi!B:B, ansinhxahoi!A:A, "")*2 -> 2 | L8: =_xlfn.XLOOKUP(C8,datdai!B:B, datdai!A:A, "")*2 -> 2 | M8: =_xlfn.XLOOKUP(C8,dvccc!B:B, dvccc!A:A, "")*2 -> 2 | N8: =_xlfn.XLOOKUP(C8,dvcct!B:B, dvcct!A:A, "")*2 -> 2 | O8: =_xlfn.XLOOKUP(C8,'ct10'!B:B, 'ct10'!A:A, "")*2 -> 2 | P8: =_xlfn.XLOOKUP(C8,hosocancuoc!B:B, hosocancuoc!A:A, "")*2 -> 2 | Q8: =_xlfn.XLOOKUP(C8,hosocutru!B:B, hosocutru!A:A, "")*2 -> 2 | R8: =_xlfn.XLOOKUP(C8,bdhvs!B:B, bdhvs!A:A, "") -> 1 | S8: =_xlfn.XLOOKUP(C8,lamsachdc01!B:B, lamsachdc01!A:A, "") -> 1 | T8: =_xlfn.XLOOKUP(C8,huyso!B:B, huyso!A:A, "") -> 1 | U8: =_xlfn.XLOOKUP(C8,treem!B:B, treem!A:A, "") -> 1 | V8: =_xlfn.XLOOKUP(C8,giaypheplaixe!B:B, giaypheplaixe!A:A, "") -> 1 | W8: =_xlfn.XLOOKUP(C8,dangkyxe!B:B, dangkyxe!A:A, "") -> 1
A9: =_xlfn.RANK.EQ(D9,$D$6:$D$129,1) -> 6 | B9: {=_xlfn.IFS(A9<=10, 12, A9<=30, 9, A9<=50, 8, A9<=70, 7, A9<=90, 6, A9<=110, 5, A9<=124, 2, TRUE, "Ngoài phạm vi")} -> 12 | C9: Phường Hà Giang 2 | D9: =SUM(E9:X9) -> 36 | E9: =_xlfn.XLOOKUP(C9,cancuoc!B:B, cancuoc!A:A, "")*2 -> 6 | F9: =_xlfn.XLOOKUP(C9,dinhdanh14!B:B, dinhdanh14!A:A, "")*2 -> 2 | G9: =_xlfn.XLOOKUP(C9,dinhdanh6!B:B, dinhdanh6!A:A, "")*2 -> 2 | H9: =_xlfn.XLOOKUP(C9,dinhdanhcq!B:B, dinhdanhcq!A:A, "")*2 -> 2 | I9: =_xlfn.XLOOKUP(C9,suckhoedientu!B:B, suckhoedientu!A:A, "")*2 -> 2 | J9: =_xlfn.XLOOKUP(C9,baohiemxahoi!B:B, baohiemxahoi!A:A, "")*2 -> 2 | K9: =_xlfn.XLOOKUP(C9,ansinhxahoi!B:B, ansinhxahoi!A:A, "")*2 -> 2 | L9: =_xlfn.XLOOKUP(C9,datdai!B:B, datdai!A:A, "")*2 -> 2 | M9: =_xlfn.XLOOKUP(C9,dvccc!B:B, dvccc!A:A, "")*2 -> 2 | N9: =_xlfn.XLOOKUP(C9,dvcct!B:B, dvcct!A:A, "")*2 -> 2 | O9: =_xlfn.XLOOKUP(C9,'ct10'!B:B, 'ct10'!A:A, "")*2 -> 2 | P9: =_xlfn.XLOOKUP(C9,hosocancuoc!B:B, hosocancuoc!A:A, "")*2 -> 2 | Q9: =_xlfn.XLOOKUP(C9,hosocutru!B:B, hosocutru!A:A, "")*2 -> 2 | R9: =_xlfn.XLOOKUP(C9,bdhvs!B:B, bdhvs!A:A, "") -> 1 | S9: =_xlfn.XLOOKUP(C9,lamsachdc01!B:B, lamsachdc01!A:A, "") -> 1 | T9: =_xlfn.XLOOKUP(C9,huyso!B:B, huyso!A:A, "") -> 1 | U9: =_xlfn.XLOOKUP(C9,treem!B:B, treem!A:A, "") -> 1 | V9: =_xlfn.XLOOKUP(C9,giaypheplaixe!B:B, giaypheplaixe!A:A, "") -> 1 | W9: =_xlfn.XLOOKUP(C9,dangkyxe!B:B, dangkyxe!A:A, "") -> 1
A10: =_xlfn.RANK.EQ(D10,$D$6:$D$129,1) -> 6 | B10: {=_xlfn.IFS(A10<=10, 12, A10<=30, 9, A10<=50, 8, A10<=70, 7, A10<=90, 6, A10<=110, 5, A10<=124, 2, TRUE, "Ngoài phạm vi")} -> 12 | C10: Phường Minh Xuân | D10: =SUM(E10:X10) -> 36 | E10: =_xlfn.XLOOKUP(C10,cancuoc!B:B, cancuoc!A:A, "")*2 -> 6 | F10: =_xlfn.XLOOKUP(C10,dinhdanh14!B:B, dinhdanh14!A:A, "")*2 -> 2 | G10: =_xlfn.XLOOKUP(C10,dinhdanh6!B:B, dinhdanh6!A:A, "")*2 -> 2 | H10: =_xlfn.XLOOKUP(C10,dinhdanhcq!B:B, dinhdanhcq!A:A, "")*2 -> 2 | I10: =_xlfn.XLOOKUP(C10,suckhoedientu!B:B, suckhoedientu!A:A, "")*2 -> 2 | J10: =_xlfn.XLOOKUP(C10,baohiemxahoi!B:B, baohiemxahoi!A:A, "")*2 -> 2 | K10: =_xlfn.XLOOKUP(C10,ansinhxahoi!B:B, ansinhxahoi!A:A, "")*2 -> 2 | L10: =_xlfn.XLOOKUP(C10,datdai!B:B, datdai!A:A, "")*2 -> 2 | M10: =_xlfn.XLOOKUP(C10,dvccc!B:B, dvccc!A:A, "")*2 -> 2 | N10: =_xlfn.XLOOKUP(C10,dvcct!B:B, dvcct!A:A, "")*2 -> 2 | O10: =_xlfn.XLOOKUP(C10,'ct10'!B:B, 'ct10'!A:A, "")*2 -> 2 | P10: =_xlfn.XLOOKUP(C10,hosocancuoc!B:B, hosocancuoc!A:A, "")*2 -> 2 | Q10: =_xlfn.XLOOKUP(C10,hosocutru!B:B, hosocutru!A:A, "")*2 -> 2 | R10: =_xlfn.XLOOKUP(C10,bdhvs!B:B, bdhvs!A:A, "") -> 1 | S10: =_xlfn.XLOOKUP(C10,lamsachdc01!B:B, lamsachdc01!A:A, "") -> 1 | T10: =_xlfn.XLOOKUP(C10,huyso!B:B, huyso!A:A, "") -> 1 | U10: =_xlfn.XLOOKUP(C10,treem!B:B, treem!A:A, "") -> 1 | V10: =_xlfn.XLOOKUP(C10,giaypheplaixe!B:B, giaypheplaixe!A:A, "") -> 1 | W10: =_xlfn.XLOOKUP(C10,dangkyxe!B:B, dangkyxe!A:A, "") -> 1
A11: =_xlfn.RANK.EQ(D11,$D$6:$D$129,1) -> 6 | B11: {=_xlfn.IFS(A11<=10, 12, A11<=30, 9, A11<=50, 8, A11<=70, 7, A11<=90, 6, A11<=110, 5, A11<=124, 2, TRUE, "Ngoài phạm vi")} -> 12 | C11: Phường Mỹ Lâm | D11: =SUM(E11:X11) -> 36 | E11: =_xlfn.XLOOKUP(C11,cancuoc!B:B, cancuoc!A:A, "")*2 -> 6 | F11: =_xlfn.XLOOKUP(C11,dinhdanh14!B:B, dinhdanh14!A:A, "")*2 -> 2 | G11: =_xlfn.XLOOKUP(C11,dinhdanh6!B:B, dinhdanh6!A:A, "")*2 -> 2 | H11: =_xlfn.XLOOKUP(C11,dinhdanhcq!B:B, dinhdanhcq!A:A, "")*2 -> 2 | I11: =_xlfn.XLOOKUP(C11,suckhoedientu!B:B, suckhoedientu!A:A, "")*2 -> 2 | J11: =_xlfn.XLOOKUP(C11,baohiemxahoi!B:B, baohiemxahoi!A:A, "")*2 -> 2 | K11: =_xlfn.XLOOKUP(C11,ansinhxahoi!B:B, ansinhxahoi!A:A, "")*2 -> 2 | L11: =_xlfn.XLOOKUP(C11,datdai!B:B, datdai!A:A, "")*2 -> 2 | M11: =_xlfn.XLOOKUP(C11,dvccc!B:B, dvccc!A:A, "")*2 -> 2 | N11: =_xlfn.XLOOKUP(C11,dvcct!B:B, dvcct!A:A, "")*2 -> 2 | O11: =_xlfn.XLOOKUP(C11,'ct10'!B:B, 'ct10'!A:A, "")*2 -> 2 | P11: =_xlfn.XLOOKUP(C11,hosocancuoc!B:B, hosocancuoc!A:A, "")*2 -> 2 | Q11: =_xlfn.XLOOKUP(C11,hosocutru!B:B, hosocutru!A:A, "")*2 -> 2 | R11: =_xlfn.XLOOKUP(C11,bdhvs!B:B, bdhvs!A:A, "") -> 1 | S11: =_xlfn.XLOOKUP(C11,lamsachdc01!B:B, lamsachdc01!A:A, "") -> 1 | T11: =_xlfn.XLOOKUP(C11,huyso!B:B, huyso!A:A, "") -> 1 | U11: =_xlfn.XLOOKUP(C11,treem!B:B, treem!A:A, "") -> 1 | V11: =_xlfn.XLOOKUP(C11,giaypheplaixe!B:B, giaypheplaixe!A:A, "") -> 1 | W11: =_xlfn.XLOOKUP(C11,dangkyxe!B:B, dangkyxe!A:A, "") -> 1
A12: =_xlfn.RANK.EQ(D12,$D$6:$D$129,1) -> 6 | B12: {=_xlfn.IFS(A12<=10, 12, A12<=30, 9, A12<=50, 8, A12<=70, 7, A12<=90, 6, A12<=110, 5, A12<=124, 2, TRUE, "Ngoài phạm vi")} -> 12 | C12: Phường Nông Tiến | D12: =SUM(E12:X12) -> 36 | E12: =_xlfn.XLOOKUP(C12,cancuoc!B:B, cancuoc!A:A, "")*2 -> 6 | F12: =_xlfn.XLOOKUP(C12,dinhdanh14!B:B, dinhdanh14!A:A, "")*2 -> 2 | G12: =_xlfn.XLOOKUP(C12,dinhdanh6!B:B, dinhdanh6!A:A, "")*2 -> 2 | H12: =_xlfn.XLOOKUP(C12,dinhdanhcq!B:B, dinhdanhcq!A:A, "")*2 -> 2 | I12: =_xlfn.XLOOKUP(C12,suckhoedientu!B:B, suckhoedientu!A:A, "")*2 -> 2 | J12: =_xlfn.XLOOKUP(C12,baohiemxahoi!B:B, baohiemxahoi!A:A, "")*2 -> 2 | K12: =_xlfn.XLOOKUP(C12,ansinhxahoi!B:B, ansinhxahoi!A:A, "")*2 -> 2 | L12: =_xlfn.XLOOKUP(C12,datdai!B:B, datdai!A:A, "")*2 -> 2 | M12: =_xlfn.XLOOKUP(C12,dvccc!B:B, dvccc!A:A, "")*2 -> 2 | N12: =_xlfn.XLOOKUP(C12,dvcct!B:B, dvcct!A:A, "")*2 -> 2 | O12: =_xlfn.XLOOKUP(C12,'ct10'!B:B, 'ct10'!A:A, "")*2 -> 2 | P12: =_xlfn.XLOOKUP(C12,hosocancuoc!B:B, hosocancuoc!A:A, "")*2 -> 2 | Q12: =_xlfn.XLOOKUP(C12,hosocutru!B:B, hosocutru!A:A, "")*2 -> 2 | R12: =_xlfn.XLOOKUP(C12,bdhvs!B:B, bdhvs!A:A, "") -> 1 | S12: =_xlfn.XLOOKUP(C12,lamsachdc01!B:B, lamsachdc01!A:A, "") -> 1 | T12: =_xlfn.XLOOKUP(C12,huyso!B:B, huyso!A:A, "") -> 1 | U12: =_xlfn.XLOOKUP(C12,treem!B:B, treem!A:A, "") -> 1 | V12: =_xlfn.XLOOKUP(C12,giaypheplaixe!B:B, giaypheplaixe!A:A, "") -> 1 | W12: =_xlfn.XLOOKUP(C12,dangkyxe!B:B, dangkyxe!A:A, "") -> 1
A13: =_xlfn.RANK.EQ(D13,$D$6:$D$129,1) -> 6 | B13: {=_xlfn.IFS(A13<=10, 12, A13<=30, 9, A13<=50, 8, A13<=70, 7, A13<=90, 6, A13<=110, 5, A13<=124, 2, TRUE, "Ngoài phạm vi")} -> 12 | C13: Xã Bắc Mê | D13: =SUM(E13:X13) -> 36 | E13: =_xlfn.XLOOKUP(C13,cancuoc!B:B, cancuoc!A:A, "")*2 -> 6 | F13: =_xlfn.XLOOKUP(C13,dinhdanh14!B:B, dinhdanh14!A:A, "")*2 -> 2 | G13: =_xlfn.XLOOKUP(C13,dinhdanh6!B:B, dinhdanh6!A:A, "")*2 -> 2 | H13: =_xlfn.XLOOKUP(C13,dinhdanhcq!B:B, dinhdanhcq!A:A, "")*2 -> 2 | I13: =_xlfn.XLOOKUP(C13,suckhoedientu!B:B, suckhoedientu!A:A, "")*2 -> 2 | J13: =_xlfn.XLOOKUP(C13,baohiemxahoi!B:B, baohiemxahoi!A:A, "")*2 -> 2 | K13: =_xlfn.XLOOKUP(C13,ansinhxahoi!B:B, ansinhxahoi!A:A, "")*2 -> 2 | L13: =_xlfn.XLOOKUP(C13,datdai!B:B, datdai!A:A, "")*2 -> 2 | M13: =_xlfn.XLOOKUP(C13,dvccc!B:B, dvccc!A:A, "")*2 -> 2 | N13: =_xlfn.XLOOKUP(C13,dvcct!B:B, dvcct!A:A, "")*2 -> 2 | O13: =_xlfn.XLOOKUP(C13,'ct10'!B:B, 'ct10'!A:A, "")*2 -> 2 | P13: =_xlfn.XLOOKUP(C13,hosocancuoc!B:B, hosocancuoc!A:A, "")*2 -> 2 | Q13: =_xlfn.XLOOKUP(C13,hosocutru!B:B, hosocutru!A:A, "")*2 -> 2 | R13: =_xlfn.XLOOKUP(C13,bdhvs!B:B, bdhvs!A:A, "") -> 1 | S13: =_xlfn.XLOOKUP(C13,lamsachdc01!B:B, lamsachdc01!A:A, "") -> 1 | T13: =_xlfn.XLOOKUP(C13,huyso!B:B, huyso!A:A, "") -> 1 | U13: =_xlfn.XLOOKUP(C13,treem!B:B, treem!A:A, "") -> 1 | V13: =_xlfn.XLOOKUP(C13,giaypheplaixe!B:B, giaypheplaixe!A:A, "") -> 1 | W13: =_xlfn.XLOOKUP(C13,dangkyxe!B:B, dangkyxe!A:A, "") -> 1
A14: =_xlfn.RANK.EQ(D14,$D$6:$D$129,1) -> 6 | B14: {=_xlfn.IFS(A14<=10, 12, A14<=30, 9, A14<=50, 8, A14<=70, 7, A14<=90, 6, A14<=110, 5, A14<=124, 2, TRUE, "Ngoài phạm vi")} -> 12 | C14: Xã Bắc Quang | D14: =SUM(E14:X14) -> 36 | E14: =_xlfn.XLOOKUP(C14,cancuoc!B:B, cancuoc!A:A, "")*2 -> 6 | F14: =_xlfn.XLOOKUP(C14,dinhdanh14!B:B, dinhdanh14!A:A, "")*2 -> 2 | G14: =_xlfn.XLOOKUP(C14,dinhdanh6!B:B, dinhdanh6!A:A, "")*2 -> 2 | H14: =_xlfn.XLOOKUP(C14,dinhdanhcq!B:B, dinhdanhcq!A:A, "")*2 -> 2 | I14: =_xlfn.XLOOKUP(C14,suckhoedientu!B:B, suckhoedientu!A:A, "")*2 -> 2 | J14: =_xlfn.XLOOKUP(C14,baohiemxahoi!B:B, baohiemxahoi!A:A, "")*2 -> 2 | K14: =_xlfn.XLOOKUP(C14,ansinhxahoi!B:B, ansinhxahoi!A:A, "")*2 -> 2 | L14: =_xlfn.XLOOKUP(C14,datdai!B:B, datdai!A:A, "")*2 -> 2 | M14: =_xlfn.XLOOKUP(C14,dvccc!B:B, dvccc!A:A, "")*2 -> 2 | N14: =_xlfn.XLOOKUP(C14,dvcct!B:B, dvcct!A:A, "")*2 -> 2 | O14: =_xlfn.XLOOKUP(C14,'ct10'!B:B, 'ct10'!A:A, "")*2 -> 2 | P14: =_xlfn.XLOOKUP(C14,hosocancuoc!B:B, hosocancuoc!A:A, "")*2 -> 2 | Q14: =_xlfn.XLOOKUP(C14,hosocutru!B:B, hosocutru!A:A, "")*2 -> 2 | R14: =_xlfn.XLOOKUP(C14,bdhvs!B:B, bdhvs!A:A, "") -> 1 | S14: =_xlfn.XLOOKUP(C14,lamsachdc01!B:B, lamsachdc01!A:A, "") -> 1 | T14: =_xlfn.XLOOKUP(C14,huyso!B:B, huyso!A:A, "") -> 1 | U14: =_xlfn.XLOOKUP(C14,treem!B:B, treem!A:A, "") -> 1 | V14: =_xlfn.XLOOKUP(C14,giaypheplaixe!B:B, giaypheplaixe!A:A, "") -> 1 | W14: =_xlfn.XLOOKUP(C14,dangkyxe!B:B, dangkyxe!A:A, "") -> 1
A15: =_xlfn.RANK.EQ(D15,$D$6:$D$129,1) -> 6 | B15: {=_xlfn.IFS(A15<=10, 12, A15<=30, 9, A15<=50, 8, A15<=70, 7, A15<=90, 6, A15<=110, 5, A15<=124, 2, TRUE, "Ngoài phạm vi")} -> 12 | C15: Xã Bạch Đích | D15: =SUM(E15:X15) -> 36 | E15: =_xlfn.XLOOKUP(C15,cancuoc!B:B, cancuoc!A:A, "")*2 -> 6 | F15: =_xlfn.XLOOKUP(C15,dinhdanh14!B:B, dinhdanh14!A:A, "")*2 -> 2 | G15: =_xlfn.XLOOKUP(C15,dinhdanh6!B:B, dinhdanh6!A:A, "")*2 -> 2 | H15: =_xlfn.XLOOKUP(C15,dinhdanhcq!B:B, dinhdanhcq!A:A, "")*2 -> 2 | I15: =_xlfn.XLOOKUP(C15,suckhoedientu!B:B, suckhoedientu!A:A, "")*2 -> 2 | J15: =_xlfn.XLOOKUP(C15,baohiemxahoi!B:B, baohiemxahoi!A:A, "")*2 -> 2 | K15: =_xlfn.XLOOKUP(C15,ansinhxahoi!B:B, ansinhxahoi!A:A, "")*2 -> 2 | L15: =_xlfn.XLOOKUP(C15,datdai!B:B, datdai!A:A, "")*2 -> 2 | M15: =_xlfn.XLOOKUP(C15,dvccc!B:B, dvccc!A:A, "")*2 -> 2 | N15: =_xlfn.XLOOKUP(C15,dvcct!B:B, dvcct!A:A, "")*2 -> 2 | O15: =_xlfn.XLOOKUP(C15,'ct10'!B:B, 'ct10'!A:A, "")*2 -> 2 | P15: =_xlfn.XLOOKUP(C15,hosocancuoc!B:B, hosocancuoc!A:A, "")*2 -> 2 | Q15: =_xlfn.XLOOKUP(C15,hosocutru!B:B, hosocutru!A:A, "")*2 -> 2 | R15: =_xlfn.XLOOKUP(C15,bdhvs!B:B, bdhvs!A:A, "") -> 1 | S15: =_xlfn.XLOOKUP(C15,lamsachdc01!B:B, lamsachdc01!A:A, "") -> 1 | T15: =_xlfn.XLOOKUP(C15,huyso!B:B, huyso!A:A, "") -> 1 | U15: =_xlfn.XLOOKUP(C15,treem!B:B, treem!A:A, "") -> 1 | V15: =_xlfn.XLOOKUP(C15,giaypheplaixe!B:B, giaypheplaixe!A:A, "") -> 1 | W15: =_xlfn.XLOOKUP(C15,dangkyxe!B:B, dangkyxe!A:A, "") -> 1
A16: =_xlfn.RANK.EQ(D16,$D$6:$D$129,1) -> 6 | B16: {=_xlfn.IFS(A16<=10, 12, A16<=30, 9, A16<=50, 8, A16<=70, 7, A16<=90, 6, A16<=110, 5, A16<=124, 2, TRUE, "Ngoài phạm vi")} -> 12 | C16: Xã Bạch Ngọc | D16: =SUM(E16:X16) -> 36 | E16: =_xlfn.XLOOKUP(C16,cancuoc!B:B, cancuoc!A:A, "")*2 -> 6 | F16: =_xlfn.XLOOKUP(C16,dinhdanh14!B:B, dinhdanh14!A:A, "")*2 -> 2 | G16: =_xlfn.XLOOKUP(C16,dinhdanh6!B:B, dinhdanh6!A:A, "")*2 -> 2 | H16: =_xlfn.XLOOKUP(C16,dinhdanhcq!B:B, dinhdanhcq!A:A, "")*2 -> 2 | I16: =_xlfn.XLOOKUP(C16,suckhoedientu!B:B, suckhoedientu!A:A, "")*2 -> 2 | J16: =_xlfn.XLOOKUP(C16,baohiemxahoi!B:B, baohiemxahoi!A:A, "")*2 -> 2 | K16: =_xlfn.XLOOKUP(C16,ansinhxahoi!B:B, ansinhxahoi!A:A, "")*2 -> 2 | L16: =_xlfn.XLOOKUP(C16,datdai!B:B, datdai!A:A, "")*2 -> 2 | M16: =_xlfn.XLOOKUP(C16,dvccc!B:B, dvccc!A:A, "")*2 -> 2 | N16: =_xlfn.XLOOKUP(C16,dvcct!B:B, dvcct!A:A, "")*2 -> 2 | O16: =_xlfn.XLOOKUP(C16,'ct10'!B:B, 'ct10'!A:A, "")*2 -> 2 | P16: =_xlfn.XLOOKUP(C16,hosocancuoc!B:B, hosocancuoc!A:A, "")*2 -> 2 | Q16: =_xlfn.XLOOKUP(C16,hosocutru!B:B, hosocutru!A:A, "")*2 -> 2 | R16: =_xlfn.XLOOKUP(C16,bdhvs!B:B, bdhvs!A:A, "") -> 1 | S16: =_xlfn.XLOOKUP(C16,lamsachdc01!B:B, lamsachdc01!A:A, "") -> 1 | T16: =_xlfn.XLOOKUP(C16,huyso!B:B, huyso!A:A, "") -> 1 | U16: =_xlfn.XLOOKUP(C16,treem!B:B, treem!A:A, "") -> 1 | V16: =_xlfn.XLOOKUP(C16,giaypheplaixe!B:B, giaypheplaixe!A:A, "") -> 1 | W16: =_xlfn.XLOOKUP(C16,dangkyxe!B:B, dangkyxe!A:A, "") -> 1
A17: =_xlfn.RANK.EQ(D17,$D$6:$D$129,1) -> 6 | B17: {=_xlfn.IFS(A17<=10, 12, A17<=30, 9, A17<=50, 8, A17<=70, 7, A17<=90, 6, A17<=110, 5, A17<=124, 2, TRUE, "Ngoài phạm vi")} -> 12 | C17: Xã Bạch Xa | D17: =SUM(E17:X17) -> 36 | E17: =_xlfn.XLOOKUP(C17,cancuoc!B:B, cancuoc!A:A, "")*2 -> 6 | F17: =_xlfn.XLOOKUP(C17,dinhdanh14!B:B, dinhdanh14!A:A, "")*2 -> 2 | G17: =_xlfn.XLOOKUP(C17,dinhdanh6!B:B, dinhdanh6!A:A, "")*2 -> 2 | H17: =_xlfn.XLOOKUP(C17,dinhdanhcq!B:B, dinhdanhcq!A:A, "")*2 -> 2 | I17: =_xlfn.XLOOKUP(C17,suckhoedientu!B:B, suckhoedientu!A:A, "")*2 -> 2 | J17: =_xlfn.XLOOKUP(C17,baohiemxahoi!B:B, baohiemxahoi!A:A, "")*2 -> 2 | K17: =_xlfn.XLOOKUP(C17,ansinhxahoi!B:B, ansinhxahoi!A:A, "")*2 -> 2 | L17: =_xlfn.XLOOKUP(C17,datdai!B:B, datdai!A:A, "")*2 -> 2 | M17: =_xlfn.XLOOKUP(C17,dvccc!B:B, dvccc!A:A, "")*2 -> 2 | N17: =_xlfn.XLOOKUP(C17,dvcct!B:B, dvcct!A:A, "")*2 -> 2 | O17: =_xlfn.XLOOKUP(C17,'ct10'!B:B, 'ct10'!A:A, "")*2 -> 2 | P17: =_xlfn.XLOOKUP(C17,hosocancuoc!B:B, hosocancuoc!A:A, "")*2 -> 2 | Q17: =_xlfn.XLOOKUP(C17,hosocutru!B:B, hosocutru!A:A, "")*2 -> 2 | R17: =_xlfn.XLOOKUP(C17,bdhvs!B:B, bdhvs!A:A, "") -> 1 | S17: =_xlfn.XLOOKUP(C17,lamsachdc01!B:B, lamsachdc01!A:A, "") -> 1 | T17: =_xlfn.XLOOKUP(C17,huyso!B:B, huyso!A:A, "") -> 1 | U17: =_xlfn.XLOOKUP(C17,treem!B:B, treem!A:A, "") -> 1 | V17: =_xlfn.XLOOKUP(C17,giaypheplaixe!B:B, giaypheplaixe!A:A, "") -> 1 | W17: =_xlfn.XLOOKUP(C17,dangkyxe!B:B, dangkyxe!A:A, "") -> 1
... A129: =_xlfn.RANK.EQ(D129,$D$6:$D$129,1) -> 6 | B129: {=_xlfn.IFS(A129<=10, 12, A129<=30, 9, A129<=50, 8, A129<=70, 7, A129<=90, 6, A129<=110, 5, A129<=124, 2, TRUE, "Ngoài phạm vi")} -> 12 | C129: Xã Yên Thành | D129: =SUM(E129:X129) -> 36 | E129: =_xlfn.XLOOKUP(C129,cancuoc!B:B, cancuoc!A:A, "")*2 -> 6 | F129: =_xlfn.XLOOKUP(C129,dinhdanh14!B:B, dinhdanh14!A:A, "")*2 -> 2 | G129: =_xlfn.XLOOKUP(C129,dinhdanh6!B:B, dinhdanh6!A:A, "")*2 -> 2 | H129: =_xlfn.XLOOKUP(C129,dinhdanhcq!B:B, dinhdanhcq!A:A, "")*2 -> 2 | I129: =_xlfn.XLOOKUP(C129,suckhoedientu!B:B, suckhoedientu!A:A, "")*2 -> 2 | J129: =_xlfn.XLOOKUP(C129,baohiemxahoi!B:B, baohiemxahoi!A:A, "")*2 -> 2 | K129: =_xlfn.XLOOKUP(C129,ansinhxahoi!B:B, ansinhxahoi!A:A, "")*2 -> 2 | L129: =_xlfn.XLOOKUP(C129,datdai!B:B, datdai!A:A, "")*2 -> 2 | M129: =_xlfn.XLOOKUP(C129,dvccc!B:B, dvccc!A:A, "")*2 -> 2 | N129: =_xlfn.XLOOKUP(C129,dvcct!B:B, dvcct!A:A, "")*2 -> 2 | O129: =_xlfn.XLOOKUP(C129,'ct10'!B:B, 'ct10'!A:A, "")*2 -> 2 | P129: =_xlfn.XLOOKUP(C129,hosocancuoc!B:B, hosocancuoc!A:A, "")*2 -> 2 | Q129: =_xlfn.XLOOKUP(C129,hosocutru!B:B, hosocutru!A:A, "")*2 -> 2 | R129: =_xlfn.XLOOKUP(C129,bdhvs!B:B, bdhvs!A:A, "") -> 1 | S129: =_xlfn.XLOOKUP(C129,lamsachdc01!B:B, lamsachdc01!A:A, "") -> 1 | T129: =_xlfn.XLOOKUP(C129,huyso!B:B, huyso!A:A, "") -> 1 | U129: =_xlfn.XLOOKUP(C129,treem!B:B, treem!A:A, "") -> 1 | V129: =_xlfn.XLOOKUP(C129,giaypheplaixe!B:B, giaypheplaixe!A:A, "") -> 1 | W129: =_xlfn.XLOOKUP(C129,dangkyxe!B:B, dangkyxe!A:A, "") -> 1

Sheet cancuoc
A1: CẤP CĂN CƯỚC CHO CÔNG DÂN TỪ 14 TUỔI TRỞ LÊN
A2: Xếp hạng | B2: Xã phường | C2: Nhân khẩu thường trú | D2: Nhân khẩu từ 14 tuổi trở lên | E2: Số liệu cấp căn cước cho công dân từ 14 tuổi trở lên | F2: Tỉ lệ đã thực hiện | G2: Chỉ tiêu cần đạt | H2: Cần tăng (%)
B3: Tổng số | E3: =SUM(E4:E127) -> 0 | G3: 1
A4: {=1+COUNT(_xlfn.UNIQUE(_xlfn._xlws.FILTER($F$5:$F$127, $F$5:$F$127 > F4)))} -> 3 | B4: Phường An Tường | F4: 0.01 | G4: 1
A5: {=1+COUNT(_xlfn.UNIQUE(_xlfn._xlws.FILTER($F$5:$F$127, $F$5:$F$127 > F5)))} -> 2 | B5: Phường Bình Thuận | F5: 0.02 | G5: 1
A6: {=1+COUNT(_xlfn.UNIQUE(_xlfn._xlws.FILTER($F$5:$F$127, $F$5:$F$127 > F6)))} -> 1 | B6: Phường Hà Giang 1 | F6: 0.03 | G6: 1
A7: {=1+COUNT(_xlfn.UNIQUE(_xlfn._xlws.FILTER($F$5:$F$127, $F$5:$F$127 > F7)))} -> 3 | B7: Phường Hà Giang 2 | G7: 1
A8: {=1+COUNT(_xlfn.UNIQUE(_xlfn._xlws.FILTER($F$5:$F$127, $F$5:$F$127 > F8)))} -> 3 | B8: Phường Minh Xuân | G8: 1
A9: {=1+COUNT(_xlfn.UNIQUE(_xlfn._xlws.FILTER($F$5:$F$127, $F$5:$F$127 > F9)))} -> 3 | B9: Phường Mỹ Lâm | G9: 1
A10: {=1+COUNT(_xlfn.UNIQUE(_xlfn._xlws.FILTER($F$5:$F$127, $F$5:$F$127 > F10)))} -> 3 | B10: Phường Nông Tiến | G10: 1
A11: {=1+COUNT(_xlfn.UNIQUE(_xlfn._xlws.FILTER($F$5:$F$127, $F$5:$F$127 > F11)))} -> 3 | B11: Xã Bắc Mê | G11: 1
A12: {=1+COUNT(_xlfn.UNIQUE(_xlfn._xlws.FILTER($F$5:$F$127, $F$5:$F$127 > F12)))} -> 3 | B12: Xã Bắc Quang | G12: 1
A13: {=1+COUNT(_xlfn.UNIQUE(_xlfn._xlws.FILTER($F$5:$F$127, $F$5:$F$127 > F13)))} -> 3 | B13: Xã Bạch Đích | G13: 1
A14: {=1+COUNT(_xlfn.UNIQUE(_xlfn._xlws.FILTER($F$5:$F$127, $F$5:$F$127 > F14)))} -> 3 | B14: Xã Bạch Ngọc | G14: 1
A15: {=1+COUNT(_xlfn.UNIQUE(_xlfn._xlws.FILTER($F$5:$F$127, $F$5:$F$127 > F15)))} -> 3 | B15: Xã Bạch Xa | G15: 1
A16: {=1+COUNT(_xlfn.UNIQUE(_xlfn._xlws.FILTER($F$5:$F$127, $F$5:$F$127 > F16)))} -> 3 | B16: Xã Bản Máy | G16: 1
A17: {=1+COUNT(_xlfn.UNIQUE(_xlfn._xlws.FILTER($F$5:$F$127, $F$5:$F$127 > F17)))} -> 3 | B17: Xã Bằng Hành | G17: 1
A18: {=1+COUNT(_xlfn.UNIQUE(_xlfn._xlws.FILTER($F$5:$F$127, $F$5:$F$127 > F18)))} -> 3 | B18: Xã Bằng Lang | G18: 1
... A127: {=1+COUNT(_xlfn.UNIQUE(_xlfn._xlws.FILTER($F$5:$F$127, $F$5:$F$127 > F127)))} -> 3 | B127: Xã Yên Thành | G127: 1

Sheet dinhdanh14
A1: ĐỊNH DANH ĐIỆN TỬ CHO CÔNG DÂN TỪ 14 TUỔI TRỞ LÊN
A2: Xếp hạng | B2: Xã phường | C2: Nhân khẩu thường trú | D2: Nhân khẩu từ 14 tuổi trở lên | E2: Số liệu tài khoản định mức 2 được kích hoạt (30/03/2026) | F2: Tỉ lệ kích hoạt định danh mức 2 | G2: Chỉ tiêu cần đạt | H2: Cần tăng (%)
B3: Tổng số | E3: =SUM(E4:E127) -> 1090437
A4: {=1+COUNT(_xlfn.UNIQUE(_xlfn._xlws.FILTER($F$5:$F$127, $F$5:$F$127 > F4)))} -> 1 | B4: Phường An Tường | E4: 28263 | G4: 0.92
A5: {=1+COUNT(_xlfn.UNIQUE(_xlfn._xlws.FILTER($F$5:$F$127, $F$5:$F$127 > F5)))} -> 1 | B5: Phường Bình Thuận | E5: 12739 | G5: 0.92
A6: {=1+COUNT(_xlfn.UNIQUE(_xlfn._xlws.FILTER($F$5:$F$127, $F$5:$F$127 > F6)))} -> 1 | B6: Phường Hà Giang 1 | E6: 15120 | G6: 0.92
A7: {=1+COUNT(_xlfn.UNIQUE(_xlfn._xlws.FILTER($F$5:$F$127, $F$5:$F$127 > F7)))} -> 1 | B7: Phường Hà Giang 2 | E7: 22922 | G7: 0.92
A8: {=1+COUNT(_xlfn.UNIQUE(_xlfn._xlws.FILTER($F$5:$F$127, $F$5:$F$127 > F8)))} -> 1 | B8: Phường Minh Xuân | E8: 46982 | G8: 0.92
A9: {=1+COUNT(_xlfn.UNIQUE(_xlfn._xlws.FILTER($F$5:$F$127, $F$5:$F$127 > F9)))} -> 1 | B9: Phường Mỹ Lâm | E9: 19486 | G9: 0.92
A10: {=1+COUNT(_xlfn.UNIQUE(_xlfn._xlws.FILTER($F$5:$F$127, $F$5:$F$127 > F10)))} -> 1 | B10: Phường Nông Tiến | E10: 10230 | G10: 0.92
A11: {=1+COUNT(_xlfn.UNIQUE(_xlfn._xlws.FILTER($F$5:$F$127, $F$5:$F$127 > F11)))} -> 1 | B11: Xã Bắc Mê | E11: 7983 | G11: 0.87
A12: {=1+COUNT(_xlfn.UNIQUE(_xlfn._xlws.FILTER($F$5:$F$127, $F$5:$F$127 > F12)))} -> 1 | B12: Xã Bắc Quang | E12: 23420 | G12: 0.87
A13: {=1+COUNT(_xlfn.UNIQUE(_xlfn._xlws.FILTER($F$5:$F$127, $F$5:$F$127 > F13)))} -> 1 | B13: Xã Bạch Đích | E13: 7770 | G13: 0.82
A14: {=1+COUNT(_xlfn.UNIQUE(_xlfn._xlws.FILTER($F$5:$F$127, $F$5:$F$127 > F14)))} -> 1 | B14: Xã Bạch Ngọc | E14: 5151 | G14: 0.82
A15: {=1+COUNT(_xlfn.UNIQUE(_xlfn._xlws.FILTER($F$5:$F$127, $F$5:$F$127 > F15)))} -> 1 | B15: Xã Bạch Xa | E15: 7418 | G15: 0.82
... A127: {=1+COUNT(_xlfn.UNIQUE(_xlfn._xlws.FILTER($F$5:$F$127, $F$5:$F$127 > F127)))} -> 1 | B127: Xã Yên Thành | E127: 3881 | G127: 0.82

Sheet dinhdanh6
A1: ĐỊNH DANH ĐIỆN TỬ CHO CÔNG DÂN TỪ 6 ĐẾN 14 TUỔI
A2: Xếp hạng | B2: Xã phường | C2: Nhân khẩu thường trú | D2: Nhân khẩu từ 6 đến dưới 14 tuổi | E2: Số liệu tài khoản định mức 2 được kích hoạt | F2: Tỉ lệ kích hoạt định danh mức 2 | G2: Chỉ tiêu cần đạt | H2: Cần tăng (%)
B3: Tổng số | E3: =SUM(E4:E127) -> 0 | G3: 1
A4: {=1+COUNT(_xlfn.UNIQUE(_xlfn._xlws.FILTER($F$5:$F$127, $F$5:$F$127 > F4)))} -> 1 | B4: Phường An Tường | G4: 1
A5: {=1+COUNT(_xlfn.UNIQUE(_xlfn._xlws.FILTER($F$5:$F$127, $F$5:$F$127 > F5)))} -> 1 | B5: Phường Bình Thuận | G5: 1
A6: {=1+COUNT(_xlfn.UNIQUE(_xlfn._xlws.FILTER($F$5:$F$127, $F$5:$F$127 > F6)))} -> 1 | B6: Phường Hà Giang 1 | G6: 1
A7: {=1+COUNT(_xlfn.UNIQUE(_xlfn._xlws.FILTER($F$5:$F$127, $F$5:$F$127 > F7)))} -> 1 | B7: Phường Hà Giang 2 | G7: 1
A8: {=1+COUNT(_xlfn.UNIQUE(_xlfn._xlws.FILTER($F$5:$F$127, $F$5:$F$127 > F8)))} -> 1 | B8: Phường Minh Xuân | G8: 1
A9: {=1+COUNT(_xlfn.UNIQUE(_xlfn._xlws.FILTER($F$5:$F$127, $F$5:$F$127 > F9)))} -> 1 | B9: Phường Mỹ Lâm | G9: 1
A10: {=1+COUNT(_xlfn.UNIQUE(_xlfn._xlws.FILTER($F$5:$F$127, $F$5:$F$127 > F10)))} -> 1 | B10: Phường Nông Tiến | G10: 1
A11: {=1+COUNT(_xlfn.UNIQUE(_xlfn._xlws.FILTER($F$5:$F$127, $F$5:$F$127 > F11)))} -> 1 | B11: Xã Bắc Mê | G11: 1
A12: {=1+COUNT(_xlfn.UNIQUE(_xlfn._xlws.FILTER($F$5:$F$127, $F$5:$F$127 > F12)))} -> 1 | B12: Xã Bắc Quang | G12: 1
A13: {=1+COUNT(_xlfn.UNIQUE(_xlfn._xlws.FILTER($F$5:$F$127, $F$5:$F$127 > F13)))} -> 1 | B13: Xã Bạch Đích | G13: 1
A14: {=1+COUNT(_xlfn.UNIQUE(_xlfn._xlws.FILTER($F$5:$F$127, $F$5:$F$127 > F14)))} -> 1 | B14: Xã Bạch Ngọc | G14: 1
A15: {=1+COUNT(_xlfn.UNIQUE(_xlfn._xlws.FILTER($F$5:$F$127, $F$5:$F$127 > F15)))} -> 1 | B15: Xã Bạch Xa | G15: 1
... A127: {=1+COUNT(_xlfn.UNIQUE(_xlfn._xlws.FILTER($F$5:$F$127, $F$5:$F$127 > F127)))} -> 1 | B127: Xã Yên Thành | G127: 1

Sheet dinhdanhcq
A1: ĐỊNH DANH CƠ QUAN TỔ CHỨC
A2: Xếp hạng | B2: Xã phường | C2: Tổng số chỉ tiêu cần thực hiện | D2: Tổng số cơ quan, tổ chức | E2: Tổng số doanh nghiệp, hợp tác xã | F2: Tổng số tài khoản đã được cấp | G2: Tổng số tài khoản cơ quan, tổ chức đã được cấp | H2: Tổng số tài khoản doanh nghiệp, hợp tác xã đã được cấp | I2: Tỷ lệ thực hiện | J2: Chỉ tiêu cần đạt | K2: Cần tăng (%)
B3: Tổng số | F3: =SUM(F4:F127) -> 0
A4: {=1+COUNT(_xlfn.UNIQUE(_xlfn._xlws.FILTER($I$5:$I$127, $I$5:$I$127 > I4)))} -> 1 | B4: Phường An Tường | J4: 0.92
A5: {=1+COUNT(_xlfn.UNIQUE(_xlfn._xlws.FILTER($I$5:$I$127, $I$5:$I$127 > I5)))} -> 1 | B5: Phường Bình Thuận | J5: 0.92
A6: {=1+COUNT(_xlfn.UNIQUE(_xlfn._xlws.FILTER($I$5:$I$127, $I$5:$I$127 > I6)))} -> 1 | B6: Phường Hà Giang 1 | J6: 0.92
A7: {=1+COUNT(_xlfn.UNIQUE(_xlfn._xlws.FILTER($I$5:$I$127, $I$5:$I$127 > I7)))} -> 1 | B7: Phường Hà Giang 2 | J7: 0.92
A8: {=1+COUNT(_xlfn.UNIQUE(_xlfn._xlws.FILTER($I$5:$I$127, $I$5:$I$127 > I8)))} -> 1 | B8: Phường Minh Xuân | J8: 0.92
A9: {=1+COUNT(_xlfn.UNIQUE(_xlfn._xlws.FILTER($I$5:$I$127, $I$5:$I$127 > I9)))} -> 1 | B9: Phường Mỹ Lâm | J9: 0.92
A10: {=1+COUNT(_xlfn.UNIQUE(_xlfn._xlws.FILTER($I$5:$I$127, $I$5:$I$127 > I10)))} -> 1 | B10: Phường Nông Tiến | J10: 0.92
A11: {=1+COUNT(_xlfn.UNIQUE(_xlfn._xlws.FILTER($I$5:$I$127, $I$5:$I$127 > I11)))} -> 1 | B11: Xã Bắc Mê | J11: 0.87
A12: {=1+COUNT(_xlfn.UNIQUE(_xlfn._xlws.FILTER($I$5:$I$127, $I$5:$I$127 > I12)))} -> 1 | B12: Xã Bắc Quang | J12: 0.87
A13: {=1+COUNT(_xlfn.UNIQUE(_xlfn._xlws.FILTER($I$5:$I$127, $I$5:$I$127 > I13)))} -> 1 | B13: Xã Bạch Đích | J13: 0.82
A14: {=1+COUNT(_xlfn.UNIQUE(_xlfn._xlws.FILTER($I$5:$I$127, $I$5:$I$127 > I14)))} -> 1 | B14: Xã Bạch Ngọc | J14: 0.82
A15: {=1+COUNT(_xlfn.UNIQUE(_xlfn._xlws.FILTER($I$5:$I$127, $I$5:$I$127 > I15)))} -> 1 | B15: Xã Bạch Xa | J15: 0.82
... A127: {=1+COUNT(_xlfn.UNIQUE(_xlfn._xlws.FILTER($I$5:$I$127, $I$5:$I$127 > I127)))} -> 1 | B127: Xã Yên Thành | J127: 0.82

Sheet suckhoedientu
A1: CHỈ TIÊU TÍCH HỢP BHYT SỔ SỨC KHOẺ ĐIỆN TỬ
A2: Xếp hạng | B2: Tên Đơn vị | C2: Tổng thường trú | D2: Tổng số thẻ BHYT | E2: Tổng số thẻ BHYT được tích hợp | F2: Tỉ lệ đạt được | G2: Chỉ tiêu giao | H2: Kết quả thực hiện so với chỉ tiêu giao
B3: Tỉnh Tuyên Quang | F3: =E3/D3 -> #DIV/0! | G3: 0.8 | H3: =F3/G3 -> #DIV/0!
A4: {=1+COUNT(_xlfn.UNIQUE(_xlfn._xlws.FILTER($H$4:$H$127, $H$4:$H$127 > H4)))} -> 1 | B4: Phường An Tường | F4: =E4/D4 -> #DIV/0! | G4: 0.85 | H4: =F4/G4 -> #DIV/0!
A5: {=1+COUNT(_xlfn.UNIQUE(_xlfn._xlws.FILTER($F$4:$F$127, $F$4:$F$127 > F5)))} -> 1 | B5: Phường Bình Thuận | F5: =E5/D5 -> #DIV/0! | G5: 0.85 | H5: =F5/G5 -> #DIV/0!
A6: {=1+COUNT(_xlfn.UNIQUE(_xlfn._xlws.FILTER($F$4:$F$127, $F$4:$F$127 > F6)))} -> 1 | B6: Phường Hà Giang 1 | F6: =E6/D6 -> #DIV/0! | G6: 0.85 | H6: =F6/G6 -> #DIV/0!
A7: {=1+COUNT(_xlfn.UNIQUE(_xlfn._xlws.FILTER($F$4:$F$127, $F$4:$F$127 > F7)))} -> 1 | B7: Phường Hà Giang 2 | F7: =E7/D7 -> #DIV/0! | G7: 0.85 | H7: =F7/G7 -> #DIV/0!
A8: {=1+COUNT(_xlfn.UNIQUE(_xlfn._xlws.FILTER($F$4:$F$127, $F$4:$F$127 > F8)))} -> 1 | B8: Phường Minh Xuân | F8: =E8/D8 -> #DIV/0! | G8: 0.85 | H8: =F8/G8 -> #DIV/0!
A9: {=1+COUNT(_xlfn.UNIQUE(_xlfn._xlws.FILTER($F$4:$F$127, $F$4:$F$127 > F9)))} -> 1 | B9: Phường Mỹ Lâm | F9: =E9/D9 -> #DIV/0! | G9: 0.85 | H9: =F9/G9 -> #DIV/0!
A10: {=1+COUNT(_xlfn.UNIQUE(_xlfn._xlws.FILTER($F$4:$F$127, $F$4:$F$127 > F10)))} -> 1 | B10: Phường Nông Tiến | F10: =E10/D10 -> #DIV/0! | G10: 0.85 | H10: =F10/G10 -> #DIV/0!
A11: {=1+COUNT(_xlfn.UNIQUE(_xlfn._xlws.FILTER($F$4:$F$127, $F$4:$F$127 > F11)))} -> 1 | B11: Xã Bắc Mê | F11: =E11/D11 -> #DIV/0! | G11: 0.82 | H11: =F11/G11 -> #DIV/0!
A12: {=1+COUNT(_xlfn.UNIQUE(_xlfn._xlws.FILTER($F$4:$F$127, $F$4:$F$127 > F12)))} -> 1 | B12: Xã Bắc Quang | F12: =E12/D12 -> #DIV/0! | G12: 0.82 | H12: =F12/G12 -> #DIV/0!
A13: {=1+COUNT(_xlfn.UNIQUE(_xlfn._xlws.FILTER($F$4:$F$127, $F$4:$F$127 > F13)))} -> 1 | B13: Xã Bạch Đích | F13: =E13/D13 -> #DIV/0! | G13: 0.8 | H13: =F13/G13 -> #DIV/0!
A14: {=1+COUNT(_xlfn.UNIQUE(_xlfn._xlws.FILTER($F$4:$F$127, $F$4:$F$127 > F14)))} -> 1 | B14: Xã Bạch Ngọc | F14: =E14/D14 -> #DIV/0! | G14: 0.8 | H14: =F14/G14 -> #DIV/0!
A15: {=1+COUNT(_xlfn.UNIQUE(_xlfn._xlws.FILTER($F$4:$F$127, $F$4:$F$127 > F15)))} -> 1 | B15: Xã Bạch Xa | F15: =E15/D15 -> #DIV/0! | G15: 0.8 | H15: =F15/G15 -> #DIV/0!
A16: {=1+COUNT(_xlfn.UNIQUE(_xlfn._xlws.FILTER($F$4:$F$127, $F$4:$F$127 > F16)))} -> 1 | B16: Xã Bản Máy | F16: =E16/D16 -> #DIV/0! | G16: 0.8 | H16: =F16/G16 -> #DIV/0!
... A127: {=1+COUNT(_xlfn.UNIQUE(_xlfn._xlws.FILTER($F$4:$F$127, $F$4:$F$127 > F127)))} -> 1 | B127: Xã Yên Thành | F127: =E127/D127 -> #DIV/0! | G127: 0.8 | H127: =F127/G127 -> #DIV/0!

Sheet baohiemxahoi
A1: CHỈ TIÊU TÍCH HỢP BẢO HIỂM XÃ HỘI
A2: Xếp hạng | B2: Tên Đơn vị | C2: Tổng thường trú | D2: Tổng số mã BHXH | E2: Tổng số mã BHXH được tích hợp | F2: Tỉ lệ đạt được | G2: Chỉ tiêu giao | H2: Kết quả thực hiện so với chỉ tiêu giao
B3: Tỉnh Tuyên Quang | F3: =E3/D3 -> #DIV/0! | G3: 0.8 | H3: =F3/G3 -> #DIV/0!
A4: {=1+COUNT(_xlfn.UNIQUE(_xlfn._xlws.FILTER($H$4:$H$127, $H$4:$H$127 > H4)))} -> 1 | B4: Phường An Tường | F4: =E4/D4 -> #DIV/0! | G4: 0.85 | H4: =F4/G4 -> #DIV/0!
A5: {=1+COUNT(_xlfn.UNIQUE(_xlfn._xlws.FILTER($F$4:$F$127, $F$4:$F$127 > F5)))} -> 1 | B5: Phường Bình Thuận | F5: =E5/D5 -> #DIV/0! | G5: 0.85 | H5: =F5/G5 -> #DIV/0!
A6: {=1+COUNT(_xlfn.UNIQUE(_xlfn._xlws.FILTER($F$4:$F$127, $F$4:$F$127 > F6)))} -> 1 | B6: Phường Hà Giang 1 | F6: =E6/D6 -> #DIV/0! | G6: 0.85 | H6: =F6/G6 -> #DIV/0!
A7: {=1+COUNT(_xlfn.UNIQUE(_xlfn._xlws.FILTER($F$4:$F$127, $F$4:$F$127 > F7)))} -> 1 | B7: Phường Hà Giang 2 | F7: =E7/D7 -> #DIV/0! | G7: 0.85 | H7: =F7/G7 -> #DIV/0!
A8: {=1+COUNT(_xlfn.UNIQUE(_xlfn._xlws.FILTER($F$4:$F$127, $F$4:$F$127 > F8)))} -> 1 | B8: Phường Minh Xuân | F8: =E8/D8 -> #DIV/0! | G8: 0.85 | H8: =F8/G8 -> #DIV/0!
A9: {=1+COUNT(_xlfn.UNIQUE(_xlfn._xlws.FILTER($F$4:$F$127, $F$4:$F$127 > F9)))} -> 1 | B9: Phường Mỹ Lâm | F9: =E9/D9 -> #DIV/0! | G9: 0.85 | H9: =F9/G9 -> #DIV/0!
A10: {=1+COUNT(_xlfn.UNIQUE(_xlfn._xlws.FILTER($F$4:$F$127, $F$4:$F$127 > F10)))} -> 1 | B10: Phường Nông Tiến | F10: =E10/D10 -> #DIV/0! | G10: 0.85 | H10: =F10/G10 -> #DIV/0!
A11: {=1+COUNT(_xlfn.UNIQUE(_xlfn._xlws.FILTER($F$4:$F$127, $F$4:$F$127 > F11)))} -> 1 | B11: Xã Bắc Mê | F11: =E11/D11 -> #DIV/0! | G11: 0.82 | H11: =F11/G11 -> #DIV/0!
A12: {=1+COUNT(_xlfn.UNIQUE(_xlfn._xlws.FILTER($F$4:$F$127, $F$4:$F$127 > F12)))} -> 1 | B12: Xã Bắc Quang | F12: =E12/D12 -> #DIV/0! | G12: 0.82 | H12: =F12/G12 -> #DIV/0!
A13: {=1+COUNT(_xlfn.UNIQUE(_xlfn._xlws.FILTER($F$4:$F$127, $F$4:$F$127 > F13)))} -> 1 | B13: Xã Bạch Đích | F13: =E13/D13 -> #DIV/0! | G13: 0.8 | H13: =F13/G13 -> #DIV/0!
A14: {=1+COUNT(_xlfn.UNIQUE(_xlfn._xlws.FILTER($F$4:$F$127, $F$4:$F$127 > F14)))} -> 1 | B14: Xã Bạch Ngọc | F14: =E14/D14 -> #DIV/0! | G14: 0.8 | H14: =F14/G14 -> #DIV/0!
A15: {=1+COUNT(_xlfn.UNIQUE(_xlfn._xlws.FILTER($F$4:$F$127, $F$4:$F$127 > F15)))} -> 1 | B15: Xã Bạch Xa | F15: =E15/D15 -> #DIV/0! | G15: 0.8 | H15: =F15/G15 -> #DIV/0!
A16: {=1+COUNT(_xlfn.UNIQUE(_xlfn._xlws.FILTER($F$4:$F$127, $F$4:$F$127 > F16)))} -> 1 | B16: Xã Bản Máy | F16: =E16/D16 -> #DIV/0! | G16: 0.8 | H16: =F16/G16 -> #DIV/0!
... A127: {=1+COUNT(_xlfn.UNIQUE(_xlfn._xlws.FILTER($F$4:$F$127, $F$4:$F$127 > F127)))} -> 1 | B127: Xã Yên Thành | F127: =E127/D127 -> #DIV/0! | G127: 0.8 | H127: =F127/G127 -> #DIV/0!

Sheet ansinhxahoi
A1: CHỈ TIÊU TÍCH HỢP BHYT SỔ SỨC KHOẺ ĐIỆN TỬ
A2: Xếp hạng | B2: Tên Đơn vị | C2: Tổng thường trú | D2: Tổng số thẻ BHYT | E2: Tổng số thẻ BHYT được tích hợp | F2: Tỉ lệ đạt được | G2: Chỉ tiêu giao | H2: Kết quả thực hiện so với chỉ tiêu giao
B3: Tỉnh Tuyên Quang | F3: =E3/D3 -> #DIV/0! | G3: 0.8 | H3: =F3/G3 -> #DIV/0!
A4: {=1+COUNT(_xlfn.UNIQUE(_xlfn._xlws.FILTER($H$4:$H$127, $H$4:$H$127 > H4)))} -> 1 | B4: Phường An Tường | F4: =E4/D4 -> #DIV/0! | G4: 0.85 | H4: =F4/G4 -> #DIV/0!
A5: {=1+COUNT(_xlfn.UNIQUE(_xlfn._xlws.FILTER($F$4:$F$127, $F$4:$F$127 > F5)))} -> 1 | B5: Phường Bình Thuận | F5: =E5/D5 -> #DIV/0! | G5: 0.85 | H5: =F5/G5 -> #DIV/0!
A6: {=1+COUNT(_xlfn.UNIQUE(_xlfn._xlws.FILTER($F$4:$F$127, $F$4:$F$127 > F6)))} -> 1 | B6: Phường Hà Giang 1 | F6: =E6/D6 -> #DIV/0! | G6: 0.85 | H6: =F6/G6 -> #DIV/0!
A7: {=1+COUNT(_xlfn.UNIQUE(_xlfn._xlws.FILTER($F$4:$F$127, $F$4:$F$127 > F7)))} -> 1 | B7: Phường Hà Giang 2 | F7: =E7/D7 -> #DIV/0! | G7: 0.85 | H7: =F7/G7 -> #DIV/0!
A8: {=1+COUNT(_xlfn.UNIQUE(_xlfn._xlws.FILTER($F$4:$F$127, $F$4:$F$127 > F8)))} -> 1 | B8: Phường Minh Xuân | F8: =E8/D8 -> #DIV/0! | G8: 0.85 | H8: =F8/G8 -> #DIV/0!
A9: {=1+COUNT(_xlfn.UNIQUE(_xlfn._xlws.FILTER($F$4:$F$127, $F$4:$F$127 > F9)))} -> 1 | B9: Phường Mỹ Lâm | F9: =E9/D9 -> #DIV/0! | G9: 0.85 | H9: =F9/G9 -> #DIV/0!
A10: {=1+COUNT(_xlfn.UNIQUE(_xlfn._xlws.FILTER($F$4:$F$127, $F$4:$F$127 > F10)))} -> 1 | B10: Phường Nông Tiến | F10: =E10/D10 -> #DIV/0! | G10: 0.85 | H10: =F10/G10 -> #DIV/0!
A11: {=1+COUNT(_xlfn.UNIQUE(_xlfn._xlws.FILTER($F$4:$F$127, $F$4:$F$127 > F11)))} -> 1 | B11: Xã Bắc Mê | F11: =E11/D11 -> #DIV/0! | G11: 0.82 | H11: =F11/G11 -> #DIV/0!
A12: {=1+COUNT(_xlfn.UNIQUE(_xlfn._xlws.FILTER($F$4:$F$127, $F$4:$F$127 > F12)))} -> 1 | B12: Xã Bắc Quang | F12: =E12/D12 -> #DIV/0! | G12: 0.82 | H12: =F12/G12 -> #DIV/0!
A13: {=1+COUNT(_xlfn.UNIQUE(_xlfn._xlws.FILTER($F$4:$F$127, $F$4:$F$127 > F13)))} -> 1 | B13: Xã Bạch Đích | F13: =E13/D13 -> #DIV/0! | G13: 0.8 | H13: =F13/G13 -> #DIV/0!
A14: {=1+COUNT(_xlfn.UNIQUE(_xlfn._xlws.FILTER($F$4:$F$127, $F$4:$F$127 > F14)))} -> 1 | B14: Xã Bạch Ngọc | F14: =E14/D14 -> #DIV/0! | G14: 0.8 | H14: =F14/G14 -> #DIV/0!
A15: {=1+COUNT(_xlfn.UNIQUE(_xlfn._xlws.FILTER($F$4:$F$127, $F$4:$F$127 > F15)))} -> 1 | B15: Xã Bạch Xa | F15: =E15/D15 -> #DIV/0! | G15: 0.8 | H15: =F15/G15 -> #DIV/0!
A16: {=1+COUNT(_xlfn.UNIQUE(_xlfn._xlws.FILTER($F$4:$F$127, $F$4:$F$127 > F16)))} -> 1 | B16: Xã Bản Máy | F16: =E16/D16 -> #DIV/0! | G16: 0.8 | H16: =F16/G16 -> #DIV/0!
... A127: {=1+COUNT(_xlfn.UNIQUE(_xlfn._xlws.FILTER($F$4:$F$127, $F$4:$F$127 > F127)))} -> 1 | B127: Xã Yên Thành | F127: =E127/D127 -> #DIV/0! | G127: 0.8 | H127: =F127/G127 -> #DIV/0!

Sheet datdai
A1: KẾT QUẢ DỮ LIỆU ĐẤT ĐAI
A2: Xếp hạng | B2: Xã phường | C2: Tổng số chỉ tiêu | D2: … | E2: … | F2: …
B3: Tổng số
A4: {=1+COUNT(_xlfn.UNIQUE(_xlfn._xlws.FILTER($F$5:$F$127, $F$5:$F$127 > F4)))} -> 1 | B4: Phường An Tường
A5: {=1+COUNT(_xlfn.UNIQUE(_xlfn._xlws.FILTER($F$5:$F$127, $F$5:$F$127 > F5)))} -> 1 | B5: Phường Bình Thuận
A6: {=1+COUNT(_xlfn.UNIQUE(_xlfn._xlws.FILTER($F$5:$F$127, $F$5:$F$127 > F6)))} -> 1 | B6: Phường Hà Giang 1
A7: {=1+COUNT(_xlfn.UNIQUE(_xlfn._xlws.FILTER($F$5:$F$127, $F$5:$F$127 > F7)))} -> 1 | B7: Phường Hà Giang 2
A8: {=1+COUNT(_xlfn.UNIQUE(_xlfn._xlws.FILTER($F$5:$F$127, $F$5:$F$127 > F8)))} -> 1 | B8: Phường Minh Xuân
A9: {=1+COUNT(_xlfn.UNIQUE(_xlfn._xlws.FILTER($F$5:$F$127, $F$5:$F$127 > F9)))} -> 1 | B9: Phường Mỹ Lâm
A10: {=1+COUNT(_xlfn.UNIQUE(_xlfn._xlws.FILTER($F$5:$F$127, $F$5:$F$127 > F10)))} -> 1 | B10: Phường Nông Tiến
A11: {=1+COUNT(_xlfn.UNIQUE(_xlfn._xlws.FILTER($F$5:$F$127, $F$5:$F$127 > F11)))} -> 1 | B11: Xã Bắc Mê
A12: {=1+COUNT(_xlfn.UNIQUE(_xlfn._xlws.FILTER($F$5:$F$127, $F$5:$F$127 > F12)))} -> 1 | B12: Xã Bắc Quang
A13: {=1+COUNT(_xlfn.UNIQUE(_xlfn._xlws.FILTER($F$5:$F$127, $F$5:$F$127 > F13)))} -> 1 | B13: Xã Bạch Đích
A14: {=1+COUNT(_xlfn.UNIQUE(_xlfn._xlws.FILTER($F$5:$F$127, $F$5:$F$127 > F14)))} -> 1 | B14: Xã Bạch Ngọc
A15: {=1+COUNT(_xlfn.UNIQUE(_xlfn._xlws.FILTER($F$5:$F$127, $F$5:$F$127 > F15)))} -> 1 | B15: Xã Bạch Xa
... A127: {=1+COUNT(_xlfn.UNIQUE(_xlfn._xlws.FILTER($F$5:$F$127, $F$5:$F$127 > F127)))} -> 1 | B127: Xã Yên Thành

Sheet dvccc
A1: KẾT QUẢ DỊCH VỤ CÔNG CĂN CƯỚC
A2: Xếp hạng | B2: Xã phường | C2: Tổng số hồ sơ | D2: Số hồ sơ trực tuyến | E2: Số hồ sơ trực tiếp | F2: Tỷ lệ trực tuyến | G2: Chỉ tiêu giao | H2: Đánh giá thực hiện
B3: Tổng số
A4: 1 | B4: Phường An Tường
A5: 1 | B5: Phường Bình Thuận
A6: 1 | B6: Phường Hà Giang 1
A7: 1 | B7: Phường Hà Giang 2
A8: 1 | B8: Phường Minh Xuân
A9: 1 | B9: Phường Mỹ Lâm
A10: 1 | B10: Phường Nông Tiến
A11: 1 | B11: Xã Bắc Mê
A12: 1 | B12: Xã Bắc Quang
A13: 1 | B13: Xã Bạch Đích
A14: 1 | B14: Xã Bạch Ngọc
A15: 1 | B15: Xã Bạch Xa
... A127: 1 | B127: Xã Yên Thành

Sheet dvcct
A1: KẾT QUẢ DỊCH VỤ CÔNG CƯ TRÚ
A2: Xếp hạng | B2: Xã phường | C2: Tổng số hồ sơ | D2: Số hồ sơ trực tuyến | E2: Số hồ sơ trực tiếp | F2: Tỷ lệ trực tuyến | G2: Chỉ tiêu giao | H2: Đánh giá thực hiện
B3: Tổng số
A4: 1 | B4: Phường An Tường
A5: 1 | B5: Phường Bình Thuận
A6: 1 | B6: Phường Hà Giang 1
A7: 1 | B7: Phường Hà Giang 2
A8: 1 | B8: Phường Minh Xuân
A9: 1 | B9: Phường Mỹ Lâm
A10: 1 | B10: Phường Nông Tiến
A11: 1 | B11: Xã Bắc Mê
A12: 1 | B12: Xã Bắc Quang
A13: 1 | B13: Xã Bạch Đích
A14: 1 | B14: Xã Bạch Ngọc
A15: 1 | B15: Xã Bạch Xa
... A127: 1 | B127: Xã Yên Thành

Sheet ct10
A1: KẾT QUẢ TRẢ LỜI XÁC MINH | D1: 21 ngày tháng trước | Z1: 9 ngày đầu tháng sau
A2: Xếp hạng | B2: Đơn vị | C2: Tổng Số lượt CT10 | D2: Ngày 10 | E2: Ngày 11 | F2: Ngày 12 | G2: Ngày 13 | H2: Ngày 14 | I2: Ngày 15 | J2: Ngày 16 | K2: Ngày 17 | L2: Ngày 18 | M2: Ngày 19 | N2: Ngày 20 | O2: Ngày 21 | P2: Ngày 22 | Q2: Ngày 23 | R2: Ngày 24 | S2: Ngày 25 | T2: Ngày 26 | U2: Ngày 27 | V2: Ngày 28 | W2: Ngày 29 | X2: Ngày 30 | Y2: Ngày 31 | Z2: Ngày 1 | AA2: Ngày 2 | AB2: Ngày 3 | AC2: Ngày 4 | AD2: Ngày 5 | AE2: Ngày 6 | AF2: Ngày 7 | AG2: Ngày 8 | AH2: Ngày 9
B3: Tổng
A4: {=1+COUNT(_xlfn.UNIQUE(_xlfn._xlws.FILTER($C$4:$C$127, $C$4:$C$127 < C4)))} -> 1 | B4: Phường An Tường | C4: =SUM(D4:AH4) -> 0
A5: {=1+COUNT(_xlfn.UNIQUE(_xlfn._xlws.FILTER($C$4:$C$127, $C$4:$C$127 < C5)))} -> 1 | B5: Phường Bình Thuận | C5: =SUM(D5:AH5) -> 0
A6: {=1+COUNT(_xlfn.UNIQUE(_xlfn._xlws.FILTER($C$4:$C$127, $C$4:$C$127 < C6)))} -> 1 | B6: Phường Hà Giang 1 | C6: =SUM(D6:AH6) -> 0
A7: {=1+COUNT(_xlfn.UNIQUE(_xlfn._xlws.FILTER($C$4:$C$127, $C$4:$C$127 < C7)))} -> 1 | B7: Phường Hà Giang 2 | C7: =SUM(D7:AH7) -> 0
A8: {=1+COUNT(_xlfn.UNIQUE(_xlfn._xlws.FILTER($C$4:$C$127, $C$4:$C$127 < C8)))} -> 1 | B8: Phường Minh Xuân | C8: =SUM(D8:AH8) -> 0
A9: {=1+COUNT(_xlfn.UNIQUE(_xlfn._xlws.FILTER($C$4:$C$127, $C$4:$C$127 < C9)))} -> 1 | B9: Phường Mỹ Lâm | C9: =SUM(D9:AH9) -> 0
A10: {=1+COUNT(_xlfn.UNIQUE(_xlfn._xlws.FILTER($C$4:$C$127, $C$4:$C$127 < C10)))} -> 1 | B10: Phường Nông Tiến | C10: =SUM(D10:AH10) -> 0
A11: {=1+COUNT(_xlfn.UNIQUE(_xlfn._xlws.FILTER($C$4:$C$127, $C$4:$C$127 < C11)))} -> 1 | B11: Xã Bắc Mê | C11: =SUM(D11:AH11) -> 0
A12: {=1+COUNT(_xlfn.UNIQUE(_xlfn._xlws.FILTER($C$4:$C$127, $C$4:$C$127 < C12)))} -> 1 | B12: Xã Bắc Quang | C12: =SUM(D12:AH12) -> 0
A13: {=1+COUNT(_xlfn.UNIQUE(_xlfn._xlws.FILTER($C$4:$C$127, $C$4:$C$127 < C13)))} -> 1 | B13: Xã Bạch Đích | C13: =SUM(D13:AH13) -> 0
A14: {=1+COUNT(_xlfn.UNIQUE(_xlfn._xlws.FILTER($C$4:$C$127, $C$4:$C$127 < C14)))} -> 1 | B14: Xã Bạch Ngọc | C14: =SUM(D14:AH14) -> 0
A15: {=1+COUNT(_xlfn.UNIQUE(_xlfn._xlws.FILTER($C$4:$C$127, $C$4:$C$127 < C15)))} -> 1 | B15: Xã Bạch Xa | C15: =SUM(D15:AH15) -> 0
... A128: {=1+COUNT(_xlfn.UNIQUE(_xlfn._xlws.FILTER($C$4:$C$127, $C$4:$C$127 < C128)))} -> 1 | B128: Xã Yên Thành | C128: =SUM(D128:AH128) -> 0

Sheet hosocancuoc
A1: SỐ LƯỢT HỒ SƠ CĂN CƯỚC QUÁ HẠN | D1: 21 ngày tháng trước | Z1: 9 ngày đầu tháng sau
A2: Xếp hạng | B2: Đơn vị | C2: Số lượt hồ sơ quá hạn bị nhắc trong tháng | D2: Ngày 10 | E2: Ngày 11 | F2: Ngày 12 | G2: Ngày 13 | H2: Ngày 14 | I2: Ngày 15 | J2: Ngày 16 | K2: Ngày 17 | L2: Ngày 18 | M2: Ngày 19 | N2: Ngày 20 | O2: Ngày 21 | P2: Ngày 22 | Q2: Ngày 23 | R2: Ngày 24 | S2: Ngày 25 | T2: Ngày 26 | U2: Ngày 27 | V2: Ngày 28 | W2: Ngày 29 | X2: Ngày 30 | Y2: Ngày 31 | Z2: Ngày 1 | AA2: Ngày 2 | AB2: Ngày 3 | AC2: Ngày 4 | AD2: Ngày 5 | AE2: Ngày 6 | AF2: Ngày 7 | AG2: Ngày 8 | AH2: Ngày 9
B3: Tổng
A4: {=1+COUNT(_xlfn.UNIQUE(_xlfn._xlws.FILTER($C$4:$C$127,$C$4:$C$127<C4)))} -> 1 | B4: Xã Phố Bảng | C4: =SUM(D4:AH4) -> 0
A5: {=1+COUNT(_xlfn.UNIQUE(_xlfn._xlws.FILTER($C$4:$C$127,$C$4:$C$127<C5)))} -> 1 | B5: Xã Tân Trịnh | C5: =SUM(D5:AH5) -> 0
A6: {=1+COUNT(_xlfn.UNIQUE(_xlfn._xlws.FILTER($C$4:$C$127,$C$4:$C$127<C6)))} -> 1 | B6: Phường Minh Xuân | C6: =SUM(D6:AH6) -> 0
A7: {=1+COUNT(_xlfn.UNIQUE(_xlfn._xlws.FILTER($C$4:$C$127,$C$4:$C$127<C7)))} -> 1 | B7: Xã Lũng Phìn | C7: =SUM(D7:AH7) -> 0
A8: {=1+COUNT(_xlfn.UNIQUE(_xlfn._xlws.FILTER($C$4:$C$127,$C$4:$C$127<C8)))} -> 1 | B8: Phường Hà Giang 1 | C8: =SUM(D8:AH8) -> 0
A9: {=1+COUNT(_xlfn.UNIQUE(_xlfn._xlws.FILTER($C$4:$C$127,$C$4:$C$127<C9)))} -> 1 | B9: Phường Mỹ Lâm | C9: =SUM(D9:AH9) -> 0
A10: {=1+COUNT(_xlfn.UNIQUE(_xlfn._xlws.FILTER($C$4:$C$127,$C$4:$C$127<C10)))} -> 1 | B10: Xã Hồng Sơn | C10: =SUM(D10:AH10) -> 0
A11: {=1+COUNT(_xlfn.UNIQUE(_xlfn._xlws.FILTER($C$4:$C$127,$C$4:$C$127<C11)))} -> 1 | B11: Xã Ngọc Long | C11: =SUM(D11:AH11) -> 0
A12: {=1+COUNT(_xlfn.UNIQUE(_xlfn._xlws.FILTER($C$4:$C$127,$C$4:$C$127<C12)))} -> 1 | B12: Xã Xuân Vân | C12: =SUM(D12:AH12) -> 0
A13: {=1+COUNT(_xlfn.UNIQUE(_xlfn._xlws.FILTER($C$4:$C$127,$C$4:$C$127<C13)))} -> 1 | B13: Xã Đường Thượng | C13: =SUM(D13:AH13) -> 0
A14: {=1+COUNT(_xlfn.UNIQUE(_xlfn._xlws.FILTER($C$4:$C$127,$C$4:$C$127<C14)))} -> 1 | B14: Xã Quang Bình | C14: =SUM(D14:AH14) -> 0
A15: {=1+COUNT(_xlfn.UNIQUE(_xlfn._xlws.FILTER($C$4:$C$127,$C$4:$C$127<C15)))} -> 1 | B15: Xã Sơn Vĩ | C15: =SUM(D15:AH15) -> 0
... A127: {=1+COUNT(_xlfn.UNIQUE(_xlfn._xlws.FILTER($C$4:$C$127,$C$4:$C$127<C127)))} -> 1 | B127: Xã Yên Thành | C127: =SUM(D127:AH127) -> 0

Sheet hosocutru
A1: SỐ LƯỢT HỒ SƠ CƯ TRÚ QUÁ HẠN | D1: 21 ngày tháng trước | Z1: 9 ngày đầu tháng sau
A2: Xếp hạng | B2: Đơn vị | C2: Số lượt hồ sơ quá hạn bị nhắc trong tháng | D2: Ngày 10 | E2: Ngày 11 | F2: Ngày 12 | G2: Ngày 13 | H2: Ngày 14 | I2: Ngày 15 | J2: Ngày 16 | K2: Ngày 17 | L2: Ngày 18 | M2: Ngày 19 | N2: Ngày 20 | O2: Ngày 21 | P2: Ngày 22 | Q2: Ngày 23 | R2: Ngày 24 | S2: Ngày 25 | T2: Ngày 26 | U2: Ngày 27 | V2: Ngày 28 | W2: Ngày 29 | X2: Ngày 30 | Y2: Ngày 31 | Z2: Ngày 1 | AA2: Ngày 2 | AB2: Ngày 3 | AC2: Ngày 4 | AD2: Ngày 5 | AE2: Ngày 6 | AF2: Ngày 7 | AG2: Ngày 8 | AH2: Ngày 9
B3: Tổng
A4: {=1+COUNT(_xlfn.UNIQUE(_xlfn._xlws.FILTER($C$4:$C$127,$C$4:$C$127<C4)))} -> 1 | B4: Xã Phố Bảng | C4: =SUM(D4:AH4) -> 0
A5: {=1+COUNT(_xlfn.UNIQUE(_xlfn._xlws.FILTER($C$4:$C$127,$C$4:$C$127<C5)))} -> 1 | B5: Xã Tân Trịnh | C5: =SUM(D5:AH5) -> 0
A6: {=1+COUNT(_xlfn.UNIQUE(_xlfn._xlws.FILTER($C$4:$C$127,$C$4:$C$127<C6)))} -> 1 | B6: Phường Minh Xuân | C6: =SUM(D6:AH6) -> 0
A7: {=1+COUNT(_xlfn.UNIQUE(_xlfn._xlws.FILTER($C$4:$C$127,$C$4:$C$127<C7)))} -> 1 | B7: Xã Lũng Phìn | C7: =SUM(D7:AH7) -> 0
A8: {=1+COUNT(_xlfn.UNIQUE(_xlfn._xlws.FILTER($C$4:$C$127,$C$4:$C$127<C8)))} -> 1 | B8: Phường Hà Giang 1 | C8: =SUM(D8:AH8) -> 0
A9: {=1+COUNT(_xlfn.UNIQUE(_xlfn._xlws.FILTER($C$4:$C$127,$C$4:$C$127<C9)))} -> 1 | B9: Phường Mỹ Lâm | C9: =SUM(D9:AH9) -> 0
A10: {=1+COUNT(_xlfn.UNIQUE(_xlfn._xlws.FILTER($C$4:$C$127,$C$4:$C$127<C10)))} -> 1 | B10: Xã Hồng Sơn | C10: =SUM(D10:AH10) -> 0
A11: {=1+COUNT(_xlfn.UNIQUE(_xlfn._xlws.FILTER($C$4:$C$127,$C$4:$C$127<C11)))} -> 1 | B11: Xã Ngọc Long | C11: =SUM(D11:AH11) -> 0
A12: {=1+COUNT(_xlfn.UNIQUE(_xlfn._xlws.FILTER($C$4:$C$127,$C$4:$C$127<C12)))} -> 1 | B12: Xã Xuân Vân | C12: =SUM(D12:AH12) -> 0
A13: {=1+COUNT(_xlfn.UNIQUE(_xlfn._xlws.FILTER($C$4:$C$127,$C$4:$C$127<C13)))} -> 1 | B13: Xã Đường Thượng | C13: =SUM(D13:AH13) -> 0
A14: {=1+COUNT(_xlfn.UNIQUE(_xlfn._xlws.FILTER($C$4:$C$127,$C$4:$C$127<C14)))} -> 1 | B14: Xã Quang Bình | C14: =SUM(D14:AH14) -> 0
A15: {=1+COUNT(_xlfn.UNIQUE(_xlfn._xlws.FILTER($C$4:$C$127,$C$4:$C$127<C15)))} -> 1 | B15: Xã Sơn Vĩ | C15: =SUM(D15:AH15) -> 0
... A127: {=1+COUNT(_xlfn.UNIQUE(_xlfn._xlws.FILTER($C$4:$C$127,$C$4:$C$127<C127)))} -> 1 | B127: Xã Yên Thành | C127: =SUM(D127:AH127) -> 0

Sheet bdhvs
A1: KẾT QUẢ BÌNH DÂN HỌC VỤ SỐ
A2: Xếp hạng | B2: Xã phường | C2: Tổng số CBCCVC và công dân trên địa bàn | D2: Tỷ lệ đã hoàn thành | E2: Tổng số công dân đủ điều kiện | F2: Tỷ lệ đã hoàn thành | G2: Tổng số CBCCVC | H2: Tỷ lệ đã hoàn thành
B3: Tổng số
A4: 1 | B4: Phường An Tường
A5: 1 | B5: Phường Bình Thuận
A6: 1 | B6: Phường Hà Giang 1
A7: 1 | B7: Phường Hà Giang 2
A8: 1 | B8: Phường Minh Xuân
A9: 1 | B9: Phường Mỹ Lâm
A10: 1 | B10: Phường Nông Tiến
A11: 1 | B11: Xã Bắc Mê
A12: 1 | B12: Xã Bắc Quang
A13: 1 | B13: Xã Bạch Đích
A14: 1 | B14: Xã Bạch Ngọc
A15: 1 | B15: Xã Bạch Xa
... A127: 1 | B127: Xã Yên Thành

Sheet lamsachdc01
A1: KẾT QUẢ LÀM SẠCH DC01 MỞ RỘNG
A2: Xếp hạng | B2: Xã phường | C2: Tổng số dữ liệu thiếu | D2: Thiếu số DDCN cha | E2: Thiếu số DDCN mẹ | F2: Thiếu số DDCN cha và mẹ | G2: …
B3: Tổng số
A4: 1 | B4: Phường An Tường
A5: 1 | B5: Phường Bình Thuận
A6: 1 | B6: Phường Hà Giang 1
A7: 1 | B7: Phường Hà Giang 2
A8: 1 | B8: Phường Minh Xuân
A9: 1 | B9: Phường Mỹ Lâm
A10: 1 | B10: Phường Nông Tiến
A11: 1 | B11: Xã Bắc Mê
A12: 1 | B12: Xã Bắc Quang
A13: 1 | B13: Xã Bạch Đích
A14: 1 | B14: Xã Bạch Ngọc
A15: 1 | B15: Xã Bạch Xa
... A127: 1 | B127: Xã Yên Thành

Sheet huyso
A1: HUỶ SỐ ĐỊNH DANH
A2: Xếp hạng | B2: Đơn vị | C2: Chưa cập nhật số định danh đúng cấu trúc | J2: Chưa xử lý dữ liệu DC01 mở rộng | K2: Hồ sơ còn tồn chưa giải quyết
C3: Tổng số | D3: Chưa hoàn thành thao tác cấp số mới | E3: Cấp lại số lỗi hệ thống | F3: Hồ sơ chưa đảm bảo cần khắc phục | G3: Có hồ sơ C06 chưa duyệt hủy | H3: Hủy số thành công chưa xử lý DC01 mở rộng | I3: Chưa có hồ sơ đề nghị
B4: Tổng | C4: =SUM(C5:C128) -> 0 | D4: =SUM(D5:D128) -> 0 | E4: =SUM(E5:E128) -> 0 | F4: =SUM(F5:F128) -> 0 | G4: =SUM(G5:G128) -> 0 | H4: =SUM(H5:H128) -> 0 | I4: =SUM(I5:I128) -> 0 | J4: =SUM(J5:J128) -> 0 | K4: =SUM(K5:K128) -> 0
A5: {=1+COUNT(_xlfn.UNIQUE(_xlfn._xlws.FILTER($K$5:$K$128, $K$5:$K$128 < K5)))} -> 1 | B5: Xã Tân Long | K5: =C5-E5-G5 -> 0
A6: {=1+COUNT(_xlfn.UNIQUE(_xlfn._xlws.FILTER($K$5:$K$128, $K$5:$K$128 < K6)))} -> 1 | B6: Xã Hòa An | K6: =C6-E6-G6 -> 0
A7: {=1+COUNT(_xlfn.UNIQUE(_xlfn._xlws.FILTER($K$5:$K$128, $K$5:$K$128 < K7)))} -> 1 | B7: Xã Bình Ca | K7: =C7-E7-G7 -> 0
A8: {=1+COUNT(_xlfn.UNIQUE(_xlfn._xlws.FILTER($K$5:$K$128, $K$5:$K$128 < K8)))} -> 1 | B8: Xã Thái Sơn | K8: =C8-E8-G8 -> 0
A9: {=1+COUNT(_xlfn.UNIQUE(_xlfn._xlws.FILTER($K$5:$K$128, $K$5:$K$128 < K9)))} -> 1 | B9: Xã Phú Lương | K9: =C9-E9-G9 -> 0
A10: {=1+COUNT(_xlfn.UNIQUE(_xlfn._xlws.FILTER($K$5:$K$128, $K$5:$K$128 < K10)))} -> 1 | B10: Xã Cán Tỷ | K10: =C10-E10-G10 -> 0
A11: {=1+COUNT(_xlfn.UNIQUE(_xlfn._xlws.FILTER($K$5:$K$128, $K$5:$K$128 < K11)))} -> 1 | B11: Xã Thái Hòa | K11: =C11-E11-G11 -> 0
A12: {=1+COUNT(_xlfn.UNIQUE(_xlfn._xlws.FILTER($K$5:$K$128, $K$5:$K$128 < K12)))} -> 1 | B12: Phường Mỹ Lâm | K12: =C12-E12-G12 -> 0
A13: {=1+COUNT(_xlfn.UNIQUE(_xlfn._xlws.FILTER($K$5:$K$128, $K$5:$K$128 < K13)))} -> 1 | B13: Phường Minh Xuân | K13: =C13-E13-G13 -> 0
A14: {=1+COUNT(_xlfn.UNIQUE(_xlfn._xlws.FILTER($K$5:$K$128, $K$5:$K$128 < K14)))} -> 1 | B14: Xã Bình Xa | K14: =C14-E14-G14 -> 0
A15: {=1+COUNT(_xlfn.UNIQUE(_xlfn._xlws.FILTER($K$5:$K$128, $K$5:$K$128 < K15)))} -> 1 | B15: Xã Nghĩa Thuận | K15: =C15-E15-G15 -> 0
A16: {=1+COUNT(_xlfn.UNIQUE(_xlfn._xlws.FILTER($K$5:$K$128, $K$5:$K$128 < K16)))} -> 1 | B16: Xã Trung Thịnh | K16: =C16-E16-G16 -> 0
... A128: {=1+COUNT(_xlfn.UNIQUE(_xlfn._xlws.FILTER($K$5:$K$128, $K$5:$K$128 < K128)))} -> 1 | B128: Xã Lũng Phìn | K128: =C128-E128-G128 -> 0

Sheet treem
A1: DỮ LIỆU TRẺ CHƯA ĐĂNG KÝ THƯỜNG TRÚ
A2: Xếp hạng | B2: Đơn vị xử lý | C2: Tổng số | D2: Chưa xử lý | E2: Tổng đã xử lý | F2: Đã cập nhật thường trú | G2: Chưa đăng ký thường trú | H2: Chưa xác minh được | I2: Đã chết
A3: Tổng toàn tỉnh | C3: =SUM(C4:C127) -> 0 | D3: =SUM(D4:D127) -> 0 | E3: =SUM(E4:E127) -> 0 | F3: =SUM(F4:F127) -> 0 | G3: =SUM(G4:G127) -> 0 | H3: =SUM(H4:H127) -> 0 | I3: =SUM(I4:I127) -> 0 | J3: =E3/C3 -> #DIV/0!
A4: {=1+COUNT(_xlfn.UNIQUE(_xlfn._xlws.FILTER($J$4:$J$127, $J$4:$J$127 > J4)))} -> 1 | B4: Xã Thông Nguyên | J4: =E4/C4 -> #DIV/0!
A5: {=1+COUNT(_xlfn.UNIQUE(_xlfn._xlws.FILTER($J$4:$J$127, $J$4:$J$127 > J5)))} -> 1 | B5: Xã Hồ Thầu | J5: =E5/C5 -> #DIV/0!
A6: {=1+COUNT(_xlfn.UNIQUE(_xlfn._xlws.FILTER($J$4:$J$127, $J$4:$J$127 > J6)))} -> 1 | B6: Xã Cao Bồ | J6: =E6/C6 -> #DIV/0!
A7: {=1+COUNT(_xlfn.UNIQUE(_xlfn._xlws.FILTER($J$4:$J$127, $J$4:$J$127 > J7)))} -> 1 | B7: Xã Lâm Bình | J7: =E7/C7 -> #DIV/0!
A8: {=1+COUNT(_xlfn.UNIQUE(_xlfn._xlws.FILTER($J$4:$J$127, $J$4:$J$127 > J8)))} -> 1 | B8: Xã Tân Tiến | J8: =E8/C8 -> #DIV/0!
A9: {=1+COUNT(_xlfn.UNIQUE(_xlfn._xlws.FILTER($J$4:$J$127, $J$4:$J$127 > J9)))} -> 1 | B9: Xã Chiêm Hóa | J9: =E9/C9 -> #DIV/0!
A10: {=1+COUNT(_xlfn.UNIQUE(_xlfn._xlws.FILTER($J$4:$J$127, $J$4:$J$127 > J10)))} -> 1 | B10: Xã Thái Hòa | J10: =E10/C10 -> #DIV/0!
A11: {=1+COUNT(_xlfn.UNIQUE(_xlfn._xlws.FILTER($J$4:$J$127, $J$4:$J$127 > J11)))} -> 1 | B11: Xã Tân Thanh | J11: =E11/C11 -> #DIV/0!
A12: {=1+COUNT(_xlfn.UNIQUE(_xlfn._xlws.FILTER($J$4:$J$127, $J$4:$J$127 > J12)))} -> 1 | B12: Xã Ngọc Đường | J12: =E12/C12 -> #DIV/0!
A13: {=1+COUNT(_xlfn.UNIQUE(_xlfn._xlws.FILTER($J$4:$J$127, $J$4:$J$127 > J13)))} -> 1 | B13: Xã Hùng An | J13: =E13/C13 -> #DIV/0!
A14: {=1+COUNT(_xlfn.UNIQUE(_xlfn._xlws.FILTER($J$4:$J$127, $J$4:$J$127 > J14)))} -> 1 | B14: Xã Giáp Trung | J14: =E14/C14 -> #DIV/0!
A15: {=1+COUNT(_xlfn.UNIQUE(_xlfn._xlws.FILTER($J$4:$J$127, $J$4:$J$127 > J15)))} -> 1 | B15: Xã Kiên Đài | J15: =E15/C15 -> #DIV/0!
... A127: {=1+COUNT(_xlfn.UNIQUE(_xlfn._xlws.FILTER($J$4:$J$127, $J$4:$J$127 > J127)))} -> 1 | B127: Xã Trường Sinh | J127: =E127/C127 -> #DIV/0!

Sheet giaypheplaixe
A1: CHỈ TIÊU TÍCH HỢP GIẤY PHÉP LÁI XE
A2: Xếp hạng | B2: Tên Đơn vị | C2: Tổng thường trú | D2: Tổng số công dân có giấy phép lái xe | E2: Tổng số công dân đã tích hợp giấy phép lái xe | F2: Tỉ lệ đạt được | G2: Chỉ tiêu giao | H2: Kết quả thực hiện so với chỉ tiêu giao
B3: Tỉnh Tuyên Quang | F3: =E3/D3 -> #DIV/0! | G3: 0.5 | H3: =F3/G3 -> #DIV/0!
A4: {=1+COUNT(_xlfn.UNIQUE(_xlfn._xlws.FILTER($H$4:$H$127, $H$4:$H$127 > H4)))} -> 1 | B4: Phường An Tường | F4: =E4/D4 -> #DIV/0! | G4: 0.5 | H4: =F4/G4 -> #DIV/0!
A5: {=1+COUNT(_xlfn.UNIQUE(_xlfn._xlws.FILTER($F$4:$F$127, $F$4:$F$127 > F5)))} -> 1 | B5: Phường Bình Thuận | F5: =E5/D5 -> #DIV/0! | G5: 0.5 | H5: =F5/G5 -> #DIV/0!
A6: {=1+COUNT(_xlfn.UNIQUE(_xlfn._xlws.FILTER($F$4:$F$127, $F$4:$F$127 > F6)))} -> 1 | B6: Phường Hà Giang 1 | F6: =E6/D6 -> #DIV/0! | G6: 0.5 | H6: =F6/G6 -> #DIV/0!
A7: {=1+COUNT(_xlfn.UNIQUE(_xlfn._xlws.FILTER($F$4:$F$127, $F$4:$F$127 > F7)))} -> 1 | B7: Phường Hà Giang 2 | F7: =E7/D7 -> #DIV/0! | G7: 0.5 | H7: =F7/G7 -> #DIV/0!
A8: {=1+COUNT(_xlfn.UNIQUE(_xlfn._xlws.FILTER($F$4:$F$127, $F$4:$F$127 > F8)))} -> 1 | B8: Phường Minh Xuân | F8: =E8/D8 -> #DIV/0! | G8: 0.5 | H8: =F8/G8 -> #DIV/0!
A9: {=1+COUNT(_xlfn.UNIQUE(_xlfn._xlws.FILTER($F$4:$F$127, $F$4:$F$127 > F9)))} -> 1 | B9: Phường Mỹ Lâm | F9: =E9/D9 -> #DIV/0! | G9: 0.5 | H9: =F9/G9 -> #DIV/0!
A10: {=1+COUNT(_xlfn.UNIQUE(_xlfn._xlws.FILTER($F$4:$F$127, $F$4:$F$127 > F10)))} -> 1 | B10: Phường Nông Tiến | F10: =E10/D10 -> #DIV/0! | G10: 0.5 | H10: =F10/G10 -> #DIV/0!
A11: {=1+COUNT(_xlfn.UNIQUE(_xlfn._xlws.FILTER($F$4:$F$127, $F$4:$F$127 > F11)))} -> 1 | B11: Xã Bắc Mê | F11: =E11/D11 -> #DIV/0! | G11: 0.5 | H11: =F11/G11 -> #DIV/0!
A12: {=1+COUNT(_xlfn.UNIQUE(_xlfn._xlws.FILTER($F$4:$F$127, $F$4:$F$127 > F12)))} -> 1 | B12: Xã Bắc Quang | F12: =E12/D12 -> #DIV/0! | G12: 0.5 | H12: =F12/G12 -> #DIV/0!
A13: {=1+COUNT(_xlfn.UNIQUE(_xlfn._xlws.FILTER($F$4:$F$127, $F$4:$F$127 > F13)))} -> 1 | B13: Xã Bạch Đích | F13: =E13/D13 -> #DIV/0! | G13: 0.5 | H13: =F13/G13 -> #DIV/0!
A14: {=1+COUNT(_xlfn.UNIQUE(_xlfn._xlws.FILTER($F$4:$F$127, $F$4:$F$127 > F14)))} -> 1 | B14: Xã Bạch Ngọc | F14: =E14/D14 -> #DIV/0! | G14: 0.5 | H14: =F14/G14 -> #DIV/0!
A15: {=1+COUNT(_xlfn.UNIQUE(_xlfn._xlws.FILTER($F$4:$F$127, $F$4:$F$127 > F15)))} -> 1 | B15: Xã Bạch Xa | F15: =E15/D15 -> #DIV/0! | G15: 0.5 | H15: =F15/G15 -> #DIV/0!
A16: {=1+COUNT(_xlfn.UNIQUE(_xlfn._xlws.FILTER($F$4:$F$127, $F$4:$F$127 > F16)))} -> 1 | B16: Xã Bản Máy | F16: =E16/D16 -> #DIV/0! | G16: 0.5 | H16: =F16/G16 -> #DIV/0!
... A127: {=1+COUNT(_xlfn.UNIQUE(_xlfn._xlws.FILTER($F$4:$F$127, $F$4:$F$127 > F127)))} -> 1 | B127: Xã Yên Thành | F127: =E127/D127 -> #DIV/0! | G127: 0.5 | H127: =F127/G127 -> #DIV/0!

Sheet dangkyxe
A1: CHỈ TIÊU TÍCH HỢP ĐĂNG KÝ XE
A2: Xếp hạng | B2: Tên Đơn vị | C2: Tổng thường trú | D2: Tổng số công dân có đăng ký xe | E2: Tổng số công dân đã tích hợp đăng ký xe | F2: Tỉ lệ đạt được | G2: Chỉ tiêu giao | H2: Kết quả thực hiện so với chỉ tiêu giao
B3: Tỉnh Tuyên Quang | F3: =E3/D3 -> #DIV/0! | G3: 0.5 | H3: =F3/G3 -> #DIV/0!
A4: {=1+COUNT(_xlfn.UNIQUE(_xlfn._xlws.FILTER($H$4:$H$127, $H$4:$H$127 > H4)))} -> 1 | B4: Phường An Tường | F4: =E4/D4 -> #DIV/0! | G4: 0.5 | H4: =F4/G4 -> #DIV/0!
A5: {=1+COUNT(_xlfn.UNIQUE(_xlfn._xlws.FILTER($F$4:$F$127, $F$4:$F$127 > F5)))} -> 1 | B5: Phường Bình Thuận | F5: =E5/D5 -> #DIV/0! | G5: 0.5 | H5: =F5/G5 -> #DIV/0!
A6: {=1+COUNT(_xlfn.UNIQUE(_xlfn._xlws.FILTER($F$4:$F$127, $F$4:$F$127 > F6)))} -> 1 | B6: Phường Hà Giang 1 | F6: =E6/D6 -> #DIV/0! | G6: 0.5 | H6: =F6/G6 -> #DIV/0!
A7: {=1+COUNT(_xlfn.UNIQUE(_xlfn._xlws.FILTER($F$4:$F$127, $F$4:$F$127 > F7)))} -> 1 | B7: Phường Hà Giang 2 | F7: =E7/D7 -> #DIV/0! | G7: 0.5 | H7: =F7/G7 -> #DIV/0!
A8: {=1+COUNT(_xlfn.UNIQUE(_xlfn._xlws.FILTER($F$4:$F$127, $F$4:$F$127 > F8)))} -> 1 | B8: Phường Minh Xuân | F8: =E8/D8 -> #DIV/0! | G8: 0.5 | H8: =F8/G8 -> #DIV/0!
A9: {=1+COUNT(_xlfn.UNIQUE(_xlfn._xlws.FILTER($F$4:$F$127, $F$4:$F$127 > F9)))} -> 1 | B9: Phường Mỹ Lâm | F9: =E9/D9 -> #DIV/0! | G9: 0.5 | H9: =F9/G9 -> #DIV/0!
A10: {=1+COUNT(_xlfn.UNIQUE(_xlfn._xlws.FILTER($F$4:$F$127, $F$4:$F$127 > F10)))} -> 1 | B10: Phường Nông Tiến | F10: =E10/D10 -> #DIV/0! | G10: 0.5 | H10: =F10/G10 -> #DIV/0!
A11: {=1+COUNT(_xlfn.UNIQUE(_xlfn._xlws.FILTER($F$4:$F$127, $F$4:$F$127 > F11)))} -> 1 | B11: Xã Bắc Mê | F11: =E11/D11 -> #DIV/0! | G11: 0.5 | H11: =F11/G11 -> #DIV/0!
A12: {=1+COUNT(_xlfn.UNIQUE(_xlfn._xlws.FILTER($F$4:$F$127, $F$4:$F$127 > F12)))} -> 1 | B12: Xã Bắc Quang | F12: =E12/D12 -> #DIV/0! | G12: 0.5 | H12: =F12/G12 -> #DIV/0!
A13: {=1+COUNT(_xlfn.UNIQUE(_xlfn._xlws.FILTER($F$4:$F$127, $F$4:$F$127 > F13)))} -> 1 | B13: Xã Bạch Đích | F13: =E13/D13 -> #DIV/0! | G13: 0.5 | H13: =F13/G13 -> #DIV/0!
A14: {=1+COUNT(_xlfn.UNIQUE(_xlfn._xlws.FILTER($F$4:$F$127, $F$4:$F$127 > F14)))} -> 1 | B14: Xã Bạch Ngọc | F14: =E14/D14 -> #DIV/0! | G14: 0.5 | H14: =F14/G14 -> #DIV/0!
A15: {=1+COUNT(_xlfn.UNIQUE(_xlfn._xlws.FILTER($F$4:$F$127, $F$4:$F$127 > F15)))} -> 1 | B15: Xã Bạch Xa | F15: =E15/D15 -> #DIV/0! | G15: 0.5 | H15: =F15/G15 -> #DIV/0!
A16: {=1+COUNT(_xlfn.UNIQUE(_xlfn._xlws.FILTER($F$4:$F$127, $F$4:$F$127 > F16)))} -> 1 | B16: Xã Bản Máy | F16: =E16/D16 -> #DIV/0! | G16: 0.5 | H16: =F16/G16 -> #DIV/0!
... A127: {=1+COUNT(_xlfn.UNIQUE(_xlfn._xlws.FILTER($F$4:$F$127, $F$4:$F$127 > F127)))} -> 1 | B127: Xã Yên Thành | F127: =E127/D127 -> #DIV/0! | G127: 0.5 | H127: =F127/G127 -> #DIV/0!
